-- Advisors
INSERT INTO Advisors (AdvisorID, FirstName, LastName, College, Email) VALUES
(1, 'Emily', 'Johnson', 'College of Arts, Media and Design', 'emily.johnson@northeastern.edu'),
(2, 'Michael', 'Brown', 'College of Engineering', 'michael.brown@northeastern.edu'),
(3, 'Sarah', 'Davis', 'DAmore-McKim School of Business', 'sarah.davis@northeastern.edu'),
(4, 'David', 'Garcia', 'College of Science', 'david.garcia@northeastern.edu'),
(5, 'Jessica', 'Martinez', 'Bouvé College of Health Sciences', 'jessica.martinez@northeastern.edu'),
(6, 'Christopher', 'Rodriguez', 'College of Computer and Information Science', 'christopher.rodriguez@northeastern.edu'),
(7, 'Amanda', 'Lee', 'College of Social Sciences and Humanities', 'amanda.lee@northeastern.edu'),
(8, 'Joshua', 'Walker', 'College of Professional Studies', 'joshua.walker@northeastern.edu'),
(9, 'Ashley', 'Hall', 'College of Arts, Media and Design', 'ashley.hall@northeastern.edu'),
(10, 'Matthew', 'Young', 'College of Engineering', 'matthew.young@northeastern.edu'),
(11, 'Lauren', 'Hernandez', 'DAmore-McKim School of Business', 'lauren.hernandez@northeastern.edu'),
(12, 'Andrew', 'King', 'College of Science', 'andrew.king@northeastern.edu'),
(13, 'Megan', 'Wright', 'Bouvé College of Health Sciences', 'megan.wright@northeastern.edu'),
(14, 'Brian', 'Lopez', 'College of Computer and Information Science', 'brian.lopez@northeastern.edu'),
(15, 'Stephanie', 'Hill', 'College of Social Sciences and Humanities', 'stephanie.hill@northeastern.edu'),
(16, 'Justin', 'Scott', 'College of Professional Studies', 'justin.scott@northeastern.edu'),
(17, 'Nicole', 'Green', 'College of Arts, Media and Design', 'nicole.green@northeastern.edu'),
(18, 'Daniel', 'Adams', 'College of Engineering', 'daniel.adams@northeastern.edu'),
(19, 'Pranay', 'Maddali', 'DAmore-McKim School of Business', 'pranay.maddali@northeastern.edu'),
(20, 'Ryan', 'Nelson', 'College of Science', 'ryan.nelson@northeastern.edu'),
(21, 'Rebecca', 'Carter', 'Bouvé College of Health Sciences', 'rebecca.carter@northeastern.edu'),
(22, 'Jacob', 'Mitchell', 'College of Computer and Information Science', 'jacob.mitchell@northeastern.edu'),
(23, 'Laura', 'Perez', 'College of Social Sciences and Humanities', 'laura.perez@northeastern.edu'),
(24, 'Nicholas', 'Roberts', 'College of Professional Studies', 'nicholas.roberts@northeastern.edu'),
(25, 'Victoria', 'Turner', 'College of Arts, Media and Design', 'victoria.turner@northeastern.edu'),
(26, 'Brandon', 'Phillips', 'College of Engineering', 'brandon.phillips@northeastern.edu'),
(27, 'Michelle', 'Campbell', 'DAmore-McKim School of Business', 'michelle.campbell@northeastern.edu'),
(28, 'Joshua', 'Parker', 'College of Science', 'joshua.parker@northeastern.edu'),
(29, 'Hannah', 'Evans', 'Bouvé College of Health Sciences', 'hannah.evans@northeastern.edu'),
(30, 'Alexander', 'Edwards', 'College of Computer and Information Science', 'alexander.edwards@northeastern.edu'),
(31, 'Samantha', 'Collins', 'College of Social Sciences and Humanities', 'samantha.collins@northeastern.edu'),
(32, 'Ethan', 'Stewart', 'College of Professional Studies', 'ethan.stewart@northeastern.edu'),
(33, 'Katherine', 'Sanchez', 'College of Arts, Media and Design', 'katherine.sanchez@northeastern.edu'),
(34, 'Benjamin', 'Morris', 'College of Engineering', 'benjamin.morris@northeastern.edu'),
(35, 'Abigail', 'Rogers', 'DAmore-McKim School of Business', 'abigail.rogers@northeastern.edu'),
(36, 'Joshua', 'Reed', 'College of Science', 'joshua.reed@northeastern.edu'),
(37, 'Elizabeth', 'Cook', 'Bouvé College of Health Sciences', 'elizabeth.cook@northeastern.edu'),
(38, 'Andrew', 'Morgan', 'College of Computer and Information Science', 'andrew.morgan@northeastern.edu'),
(39, 'Olivia', 'Bell', 'College of Social Sciences and Humanities', 'olivia.bell@northeastern.edu'),
(40, 'Tyler', 'Murphy', 'College of Professional Studies', 'tyler.murphy@northeastern.edu'),
(41, 'Emily', 'Clark', 'College of Arts, Media and Design', 'emily.clark@northeastern.edu'),
(42, 'Logan', 'Lewis', 'College of Engineering', 'logan.lewis@northeastern.edu'),
(43, 'Grace', 'Lee', 'DAmore-McKim School of Business', 'grace.lee@northeastern.edu'),
(44, 'Jacob', 'Walker', 'College of Science', 'jacob.walker@northeastern.edu'),
(45, 'Ella', 'Hall', 'Bouvé College of Health Sciences', 'ella.hall@northeastern.edu');

-- Students
INSERT INTO Students (StudentID, FirstName, LastName, GPA, Major, CurrentYear, HomeCollege, AdvisorID, Email) VALUES
(1, 'John', 'Smith', 3.5, 'Computer Science', 3, 'College of Arts, Media and Design', 1, 'john.smith1@university.edu'),
(2, 'Jane', 'Johnson', 3.6, 'Business', 4, 'College of Arts and Sciences', 2, 'jane.johnson2@university.edu'),
(3, 'Michael', 'Williams', 3.7, 'Biology', 1, 'College of Computer and Information Science', 3, 'michael.williams3@university.edu'),
(4, 'Emily', 'Brown', 3.8, 'Psychology', 2, 'College of Engineering', 4, 'emily.brown4@university.edu'),
(5, 'David', 'Jones', 3.9, 'Mathematics', 3, 'Bouvé College of Health Sciences', 5, 'david.jones5@university.edu'),
(6, 'Sarah', 'Garcia', 3.0, 'Economics', 4, 'DAmore-McKim School of Business', 6, 'sarah.garcia6@university.edu'),
(7, 'Robert', 'Miller', 3.1, 'Political Science', 1, 'College of Professional Studies', 7, 'robert.miller7@university.edu'),
(8, 'Laura', 'Davis', 3.2, 'Chemistry', 2, 'Khoury College of Computer Sciences', 8, 'laura.davis8@university.edu'),
(9, 'James', 'Martinez', 3.3, 'English', 3, 'College of Arts, Media and Design', 9, 'james.martinez9@university.edu'),
(10, 'Linda', 'Hernandez', 3.4, 'Computer Science', 4, 'College of Arts and Sciences', 10, 'linda.hernandez10@university.edu'),
(11, 'William', 'Lopez', 3.5, 'Business', 1, 'College of Computer and Information Science', 11, 'william.lopez11@university.edu'),
(12, 'Karen', 'Gonzalez', 3.6, 'Biology', 2, 'College of Engineering', 12, 'karen.gonzalez12@university.edu'),
(13, 'Richard', 'Wilson', 3.7, 'Psychology', 3, 'Bouvé College of Health Sciences', 13, 'richard.wilson13@university.edu'),
(14, 'Barbara', 'Anderson', 3.8, 'Mathematics', 4, 'DAmore-McKim School of Business', 14, 'barbara.anderson14@university.edu'),
(15, 'Charles', 'Thomas', 3.9, 'Economics', 1, 'College of Professional Studies', 15, 'charles.thomas15@university.edu'),
(16, 'Susan', 'Taylor', 3.0, 'Political Science', 2, 'Khoury College of Computer Sciences', 16, 'susan.taylor16@university.edu'),
(17, 'Joseph', 'Moore', 3.1, 'Chemistry', 3, 'College of Arts, Media and Design', 17, 'joseph.moore17@university.edu'),
(18, 'Jessica', 'Jackson', 3.2, 'English', 4, 'College of Arts and Sciences', 18, 'jessica.jackson18@university.edu'),
(19, 'Thomas', 'Martin', 3.3, 'Computer Science', 1, 'College of Computer and Information Science', 19, 'thomas.martin19@university.edu'),
(20, 'Margaret', 'Lee', 3.4, 'Business', 2, 'College of Engineering', 20, 'margaret.lee20@university.edu'),
(21, 'John', 'Smith', 3.5, 'Biology', 3, 'Bouvé College of Health Sciences', 1, 'john.smith21@university.edu'),
(22, 'Jane', 'Johnson', 3.6, 'Economics', 4, 'DAmore-McKim School of Business', 2, 'jane.johnson22@university.edu'),
(23, 'Michael', 'Williams', 3.7, 'Political Science', 1, 'College of Professional Studies', 3, 'michael.williams23@university.edu'),
(24, 'Emily', 'Brown', 3.8, 'Chemistry', 2, 'Khoury College of Computer Sciences', 4, 'emily.brown24@university.edu'),
(25, 'David', 'Jones', 3.9, 'English', 3, 'College of Arts, Media and Design', 5, 'david.jones25@university.edu'),
(26, 'Sarah', 'Garcia', 3.0, 'Computer Science', 4, 'College of Arts and Sciences', 6, 'sarah.garcia26@university.edu'),
(27, 'Robert', 'Miller', 3.1, 'Business', 1, 'College of Computer and Information Science', 7, 'robert.miller27@university.edu'),
(28, 'Laura', 'Davis', 3.2, 'Biology', 2, 'College of Engineering', 8, 'laura.davis28@university.edu'),
(29, 'James', 'Martinez', 3.3, 'Economics', 3, 'Bouvé College of Health Sciences', 9, 'james.martinez29@university.edu'),
(30, 'Linda', 'Hernandez', 3.4, 'Political Science', 4, 'DAmore-McKim School of Business', 10, 'linda.hernandez30@university.edu'),
(31, 'William', 'Lopez', 3.5, 'Chemistry', 1, 'College of Professional Studies', 11, 'william.lopez31@university.edu'),
(32, 'Karen', 'Gonzalez', 3.6, 'English', 2, 'Khoury College of Computer Sciences', 12, 'karen.gonzalez32@university.edu'),
(33, 'Richard', 'Wilson', 3.7, 'Computer Science', 3, 'College of Arts, Media and Design', 13, 'richard.wilson33@university.edu'),
(34, 'Barbara', 'Anderson', 3.8, 'Business', 4, 'College of Arts and Sciences', 14, 'barbara.anderson34@university.edu'),
(35, 'Charles', 'Thomas', 3.9, 'Biology', 1, 'College of Computer and Information Science', 15, 'charles.thomas35@university.edu'),
(36, 'Susan', 'Taylor', 3.0, 'Economics', 2, 'College of Engineering', 16, 'susan.taylor36@university.edu'),
(37, 'Joseph', 'Moore', 3.1, 'Political Science', 3, 'Bouvé College of Health Sciences', 17, 'joseph.moore37@university.edu'),
(38, 'Jessica', 'Jackson', 3.2, 'Chemistry', 4, 'DAmore-McKim School of Business', 18, 'jessica.jackson38@university.edu'),
(39, 'Thomas', 'Martin', 3.3, 'English', 1, 'College of Professional Studies', 19, 'thomas.martin39@university.edu'),
(40, 'Margaret', 'Lee', 3.4, 'Computer Science', 2, 'Khoury College of Computer Sciences', 20, 'margaret.lee40@university.edu'),
(41, 'John', 'Smith', 3.5, 'Business', 3, 'College of Arts, Media and Design', 1, 'john.smith41@university.edu'),
(42, 'Jane', 'Johnson', 3.6, 'Biology', 4, 'College of Arts and Sciences', 2, 'jane.johnson42@university.edu'),
(43, 'Michael', 'Williams', 3.7, 'Economics', 1, 'College of Computer and Information Science', 3, 'michael.williams43@university.edu'),
(44, 'Emily', 'Brown', 3.8, 'Political Science', 2, 'College of Engineering', 4, 'emily.brown44@university.edu'),
(45, 'David', 'Jones', 3.9, 'Chemistry', 3, 'Bouvé College of Health Sciences', 5, 'david.jones45@university.edu'),
(46, 'Sarah', 'Garcia', 3.0, 'English', 4, 'DAmore-McKim School of Business', 6, 'sarah.garcia46@university.edu'),
(47, 'Robert', 'Miller', 3.1, 'Computer Science', 1, 'College of Professional Studies', 7, 'robert.miller47@university.edu'),
(48, 'Laura', 'Davis', 3.2, 'Business', 2, 'Khoury College of Computer Sciences', 8, 'laura.davis48@university.edu'),
(49, 'James', 'Martinez', 3.3, 'Biology', 3, 'College of Arts, Media and Design', 9, 'james.martinez49@university.edu'),
(50, 'Linda', 'Hernandez', 3.4, 'Economics', 4, 'College of Arts and Sciences', 10, 'linda.hernandez50@university.edu'),
(51, 'William', 'Lopez', 3.5, 'Political Science', 1, 'College of Computer and Information Science', 11, 'william.lopez51@university.edu'),
(52, 'Karen', 'Gonzalez', 3.6, 'Chemistry', 2, 'College of Engineering', 12, 'karen.gonzalez52@university.edu'),
(53, 'Richard', 'Wilson', 3.7, 'English', 3, 'Bouvé College of Health Sciences', 13, 'richard.wilson53@university.edu'),
(54, 'Barbara', 'Anderson', 3.8, 'Computer Science', 4, 'DAmore-McKim School of Business', 14, 'barbara.anderson54@university.edu'),
(55, 'Charles', 'Thomas', 3.9, 'Business', 1, 'College of Professional Studies', 15, 'charles.thomas55@university.edu'),
(56, 'Susan', 'Taylor', 3.0, 'Biology', 2, 'Khoury College of Computer Sciences', 16, 'susan.taylor56@university.edu'),
(57, 'Joseph', 'Moore', 3.1, 'Economics', 3, 'College of Arts, Media and Design', 17, 'joseph.moore57@university.edu'),
(58, 'Jessica', 'Jackson', 3.2, 'Political Science', 4, 'College of Arts and Sciences', 18, 'jessica.jackson58@university.edu'),
(59, 'Thomas', 'Martin', 3.3, 'Chemistry', 1, 'College of Computer and Information Science', 19, 'thomas.martin59@university.edu'),
(60, 'Margaret', 'Lee', 3.4, 'English', 2, 'College of Engineering', 20, 'margaret.lee60@university.edu'),
(61, 'John', 'Smith', 3.5, 'Economics', 3, 'Bouvé College of Health Sciences', 1, 'john.smith61@university.edu'),
(62, 'Jane', 'Johnson', 3.6, 'Political Science', 4, 'DAmore-McKim School of Business', 2, 'jane.johnson62@university.edu'),
(63, 'Michael', 'Williams', 3.7, 'Chemistry', 1, 'College of Professional Studies', 3, 'michael.williams63@university.edu'),
(64, 'Emily', 'Brown', 3.8, 'English', 2, 'Khoury College of Computer Sciences', 4, 'emily.brown64@university.edu'),
(65, 'David', 'Jones', 3.9, 'Computer Science', 3, 'College of Arts, Media and Design', 5, 'david.jones65@university.edu'),
(66, 'Sarah', 'Garcia', 3.0, 'Business', 4, 'College of Arts and Sciences', 6, 'sarah.garcia66@university.edu'),
(67, 'Robert', 'Miller', 3.1, 'Biology', 1, 'College of Computer and Information Science', 7, 'robert.miller67@university.edu'),
(68, 'Laura', 'Davis', 3.2, 'Economics', 2, 'College of Engineering', 8, 'laura.davis68@university.edu'),
(69, 'James', 'Martinez', 3.3, 'Political Science', 3, 'Bouvé College of Health Sciences', 9, 'james.martinez69@university.edu'),
(70, 'Linda', 'Hernandez', 3.4, 'Chemistry', 4, 'DAmore-McKim School of Business', 10, 'linda.hernandez70@university.edu'),
(71, 'William', 'Lopez', 3.5, 'English', 1, 'College of Professional Studies', 11, 'william.lopez71@university.edu'),
(72, 'Karen', 'Gonzalez', 3.6, 'Computer Science', 2, 'Khoury College of Computer Sciences', 12, 'karen.gonzalez72@university.edu'),
(73, 'Richard', 'Wilson', 3.7, 'Business', 3, 'College of Arts, Media and Design', 13, 'richard.wilson73@university.edu'),
(74, 'Barbara', 'Anderson', 3.8, 'Biology', 4, 'College of Arts and Sciences', 14, 'barbara.anderson74@university.edu'),
(75, 'Charles', 'Thomas', 3.9, 'Economics', 1, 'College of Computer and Information Science', 15, 'charles.thomas75@university.edu'),
(76, 'Susan', 'Taylor', 3.0, 'Political Science', 2, 'College of Engineering', 16, 'susan.taylor76@university.edu'),
(77, 'Joseph', 'Moore', 3.1, 'Chemistry', 3, 'Bouvé College of Health Sciences', 17, 'joseph.moore77@university.edu'),
(78, 'Jessica', 'Jackson', 3.2, 'English', 4, 'DAmore-McKim School of Business', 18, 'jessica.jackson78@university.edu'),
(79, 'Thomas', 'Martin', 3.3, 'Computer Science', 1, 'College of Professional Studies', 19, 'thomas.martin79@university.edu'),
(80, 'Margaret', 'Lee', 3.4, 'Business', 2, 'Khoury College of Computer Sciences', 20, 'margaret.lee80@university.edu'),
(81, 'John', 'Smith', 3.5, 'Biology', 3, 'College of Arts, Media and Design', 1, 'john.smith81@university.edu'),
(82, 'Jane', 'Johnson', 3.6, 'Economics', 4, 'College of Arts and Sciences', 2, 'jane.johnson82@university.edu'),
(83, 'Michael', 'Williams', 3.7, 'Political Science', 1, 'College of Computer and Information Science', 3, 'michael.williams83@university.edu'),
(84, 'Emily', 'Brown', 3.8, 'Chemistry', 2, 'College of Engineering', 4, 'emily.brown84@university.edu'),
(85, 'David', 'Jones', 3.9, 'English', 3, 'Bouvé College of Health Sciences', 5, 'david.jones85@university.edu'),
(86, 'Sarah', 'Garcia', 3.0, 'Computer Science', 4, 'DAmore-McKim School of Business', 6, 'sarah.garcia86@university.edu'),
(87, 'Robert', 'Miller', 3.1, 'Business', 1, 'College of Professional Studies', 7, 'robert.miller87@university.edu'),
(88, 'Laura', 'Davis', 3.2, 'Biology', 2, 'Khoury College of Computer Sciences', 8, 'laura.davis88@university.edu'),
(89, 'James', 'Martinez', 3.3, 'Economics', 3, 'College of Arts, Media and Design', 9, 'james.martinez89@university.edu'),
(90, 'Linda', 'Hernandez', 3.4, 'Political Science', 4, 'College of Arts and Sciences', 10, 'linda.hernandez90@university.edu'),
(91, 'William', 'Lopez', 3.5, 'Chemistry', 1, 'College of Computer and Information Science', 11, 'william.lopez91@university.edu'),
(92, 'Karen', 'Gonzalez', 3.6, 'English', 2, 'College of Engineering', 12, 'karen.gonzalez92@university.edu'),
(93, 'Richard', 'Wilson', 3.7, 'Computer Science', 3, 'Bouvé College of Health Sciences', 13, 'richard.wilson93@university.edu'),
(94, 'Barbara', 'Anderson', 3.8, 'Business', 4, 'DAmore-McKim School of Business', 14, 'barbara.anderson94@university.edu'),
(95, 'Charles', 'Thomas', 3.9, 'Biology', 1, 'College of Professional Studies', 15, 'charles.thomas95@university.edu'),
(96, 'Susan', 'Taylor', 3.0, 'Economics', 2, 'Khoury College of Computer Sciences', 16, 'susan.taylor96@university.edu'),
(97, 'Joseph', 'Moore', 3.1, 'Political Science', 3, 'College of Arts, Media and Design', 17, 'joseph.moore97@university.edu'),
(98, 'Jessica', 'Jackson', 3.2, 'Chemistry', 4, 'College of Arts and Sciences', 18, 'jessica.jackson98@university.edu'),
(99, 'Thomas', 'Martin', 3.3, 'English', 1, 'College of Computer and Information Science', 19, 'thomas.martin99@university.edu'),
(100, 'Margaret', 'Lee', 3.4, 'Computer Science', 2, 'College of Engineering', 20, 'margaret.lee100@university.edu'),
(101, 'John', 'Smith', 3.5, 'Economics', 3, 'Bouvé College of Health Sciences', 1, 'john.smith101@university.edu'),
(102, 'Jane', 'Johnson', 3.6, 'Political Science', 4, 'DAmore-McKim School of Business', 2, 'jane.johnson102@university.edu'),
(103, 'Michael', 'Williams', 3.7, 'Chemistry', 1, 'College of Professional Studies', 3, 'michael.williams103@university.edu'),
(104, 'Emily', 'Brown', 3.8, 'English', 2, 'Khoury College of Computer Sciences', 4, 'emily.brown104@university.edu'),
(105, 'David', 'Jones', 3.9, 'Computer Science', 3, 'College of Arts, Media and Design', 5, 'david.jones105@university.edu'),
(106, 'Sarah', 'Garcia', 3.0, 'Business', 4, 'College of Arts and Sciences', 6, 'sarah.garcia106@university.edu'),
(107, 'Robert', 'Miller', 3.1, 'Biology', 1, 'College of Computer and Information Science', 7, 'robert.miller107@university.edu'),
(108, 'Laura', 'Davis', 3.2, 'Economics', 2, 'College of Engineering', 8, 'laura.davis108@university.edu'),
(109, 'James', 'Martinez', 3.3, 'Political Science', 3, 'Bouvé College of Health Sciences', 9, 'james.martinez109@university.edu'),
(110, 'Linda', 'Hernandez', 3.4, 'Chemistry', 4, 'DAmore-McKim School of Business', 10, 'linda.hernandez110@university.edu'),
(111, 'William', 'Lopez', 3.5, 'English', 1, 'College of Professional Studies', 11, 'william.lopez111@university.edu'),
(112, 'Karen', 'Gonzalez', 3.6, 'Computer Science', 2, 'Khoury College of Computer Sciences', 12, 'karen.gonzalez112@university.edu'),
(113, 'Richard', 'Wilson', 3.7, 'Business', 3, 'College of Arts, Media and Design', 13, 'richard.wilson113@university.edu'),
(114, 'Barbara', 'Anderson', 3.8, 'Biology', 4, 'College of Arts and Sciences', 14, 'barbara.anderson114@university.edu'),
(115, 'Charles', 'Thomas', 3.9, 'Economics', 1, 'College of Computer and Information Science', 15, 'charles.thomas115@university.edu'),
(116, 'Susan', 'Taylor', 3.0, 'Political Science', 2, 'College of Engineering', 16, 'susan.taylor116@university.edu'),
(117, 'Joseph', 'Moore', 3.1, 'Chemistry', 3, 'Bouvé College of Health Sciences', 17, 'joseph.moore117@university.edu'),
(118, 'Jessica', 'Jackson', 3.2, 'English', 4, 'DAmore-McKim School of Business', 18, 'jessica.jackson118@university.edu'),
(119, 'Thomas', 'Martin', 3.3, 'Computer Science', 1, 'College of Professional Studies', 19, 'thomas.martin119@university.edu'),
(120, 'Margaret', 'Lee', 3.4, 'Business', 2, 'Khoury College of Computer Sciences', 20, 'margaret.lee120@university.edu'),
(121, 'John', 'Smith', 3.5, 'Biology', 3, 'College of Arts, Media and Design', 1, 'john.smith121@university.edu'),
(122, 'Jane', 'Johnson', 3.6, 'Economics', 4, 'College of Arts and Sciences', 2, 'jane.johnson122@university.edu'),
(123, 'Michael', 'Williams', 3.7, 'Political Science', 1, 'College of Computer and Information Science', 3, 'michael.williams123@university.edu'),
(124, 'Emily', 'Brown', 3.8, 'Chemistry', 2, 'College of Engineering', 4, 'emily.brown124@university.edu'),
(125, 'David', 'Jones', 3.9, 'English', 3, 'Bouvé College of Health Sciences', 5, 'david.jones125@university.edu'),
(126, 'Sarah', 'Garcia', 3.0, 'Computer Science', 4, 'DAmore-McKim School of Business', 6, 'sarah.garcia126@university.edu'),
(127, 'Robert', 'Miller', 3.1, 'Business', 1, 'College of Professional Studies', 7, 'robert.miller127@university.edu'),
(128, 'Laura', 'Davis', 3.2, 'Biology', 2, 'Khoury College of Computer Sciences', 8, 'laura.davis128@university.edu'),
(129, 'James', 'Martinez', 3.3, 'Economics', 3, 'College of Arts, Media and Design', 9, 'james.martinez129@university.edu'),
(130, 'Linda', 'Hernandez', 3.4, 'Political Science', 4, 'College of Arts and Sciences', 10, 'linda.hernandez130@university.edu'),
(131, 'William', 'Lopez', 3.5, 'Chemistry', 1, 'College of Computer and Information Science', 11, 'william.lopez131@university.edu'),
(132, 'Karen', 'Gonzalez', 3.6, 'English', 2, 'College of Engineering', 12, 'karen.gonzalez132@university.edu'),
(133, 'Richard', 'Wilson', 3.7, 'Computer Science', 3, 'Bouvé College of Health Sciences', 13, 'richard.wilson133@university.edu'),
(134, 'Barbara', 'Anderson', 3.8, 'Business', 4, 'DAmore-McKim School of Business', 14, 'barbara.anderson134@university.edu'),
(135, 'Charles', 'Thomas', 3.9, 'Biology', 1, 'College of Professional Studies', 15, 'charles.thomas135@university.edu'),
(136, 'Susan', 'Taylor', 3.0, 'Economics', 2, 'Khoury College of Computer Sciences', 16, 'susan.taylor136@university.edu'),
(137, 'Joseph', 'Moore', 3.1, 'Political Science', 3, 'College of Arts, Media and Design', 17, 'joseph.moore137@university.edu'),
(138, 'Jessica', 'Jackson', 3.2, 'Chemistry', 4, 'College of Arts and Sciences', 18, 'jessica.jackson138@university.edu'),
(139, 'Thomas', 'Martin', 3.3, 'English', 1, 'College of Computer and Information Science', 19, 'thomas.martin139@university.edu'),
(140, 'Margaret', 'Lee', 3.4, 'Computer Science', 2, 'College of Engineering', 20, 'margaret.lee140@university.edu'),
(141, 'John', 'Smith', 3.5, 'Economics', 3, 'Bouvé College of Health Sciences', 1, 'john.smith141@university.edu'),
(142, 'Jane', 'Johnson', 3.6, 'Political Science', 4, 'DAmore-McKim School of Business', 2, 'jane.johnson142@university.edu'),
(143, 'Michael', 'Williams', 3.7, 'Chemistry', 1, 'College of Professional Studies', 3, 'michael.williams143@university.edu'),
(144, 'Emily', 'Brown', 3.8, 'English', 2, 'Khoury College of Computer Sciences', 4, 'emily.brown144@university.edu'),
(145, 'David', 'Jones', 3.9, 'Computer Science', 3, 'College of Arts, Media and Design', 5, 'david.jones145@university.edu'),
(146, 'Sarah', 'Garcia', 3.0, 'Business', 4, 'College of Arts and Sciences', 6, 'sarah.garcia146@university.edu'),
(147, 'Robert', 'Miller', 3.1, 'Biology', 1, 'College of Computer and Information Science', 7, 'robert.miller147@university.edu'),
(148, 'Laura', 'Davis', 3.2, 'Economics', 2, 'College of Engineering', 8, 'laura.davis148@university.edu'),
(149, 'James', 'Martinez', 3.3, 'Political Science', 3, 'Bouvé College of Health Sciences', 9, 'james.martinez149@university.edu'),
(150, 'Linda', 'Hernandez', 3.4, 'Chemistry', 4, 'DAmore-McKim School of Business', 10, 'linda.hernandez150@university.edu');


-- Skill
INSERT INTO Skill (SkillID, SkillName) VALUES
    (1, 'Data Analysis'),
    (2, 'Statistical Analysis'),
    (3, 'Machine Learning'),
    (4, 'Project Management'),
    (5, 'Technical Writing'),
    (6, 'Research'),
    (7, 'Laboratory Skills'),
    (8, 'Data Visualization'),
    (9, 'Information Literacy'),
    (10, 'API Development'),

    -- Soft Skills
    (11, 'Communication'),
    (12, 'Teamwork'),
    (13, 'Time Management'),
    (14, 'Leadership'),
    (15, 'Critical Thinking'),
    (16, 'Problem Solving'),
    (17, 'Adaptability'),
    (18, 'Creativity'),
    (19, 'Interpersonal Skills'),
    (20, 'Conflict Resolution'),
    (21, 'Organization'),
    (22, 'Attention to Detail'),
    (23, 'Initiative'),
    (24, 'Dependability'),
    (25, 'Public Speaking'),
    (26, 'Collaboration'),
    (27, 'Emotional Intelligence'),
    (28, 'Networking'),
    (29, 'Negotiation'),
    (30, 'Mentoring'),

    -- Academic Skills
    (31, 'Study Skills'),
    (32, 'Exam Preparation'),
    (33, 'Note-Taking'),
    (34, 'Learning Strategies'),
    (35, 'Academic Research'),
    (36, 'Citation Management'),
    (37, 'Ethical Reasoning'),
    (38, 'Cultural Competency'),
    (39, 'Diversity Awareness'),
    (40, 'Teaching'),
    (41, 'Presentation Skills'),
    (42, 'Data Management'),
    (43, 'Quantitative Reasoning'),
    (44, 'Qualitative Analysis'),
    (45, 'Information Synthesis');


INSERT INTO Company (CompanyID, Name, Industry, Headquarters, Size) 
VALUES
(1, 'Smith-Harris', 'Retail', 'Lake Leslie', 'L'),
(2, 'Moore Inc', 'Healthcare', 'Morrisfort', 'L'),
(3, 'Burns, Perry and Ramirez', 'Healthcare', 'Gregorymouth', 'S'),
(4, 'Gamble, Johnson and Lopez', 'Education', 'North Courtneyfurt', 'S'),
(5, 'Yu-Keith', 'Education', 'East Karenfurt', 'S'),
(6, 'Francis, Henson and Smith', 'Technology', 'East Mindyville', 'M'),
(7, 'Chavez-Drake', 'Finance', 'South Nicole', 'L'),
(8, 'Walker, Evans and Newman', 'Education', 'Markshire', 'L'),
(9, 'Taylor and Associates', 'Finance', 'West Brandon', 'M'),
(10, 'Bennett LLC', 'Technology', 'Port Jeffrey', 'S'),
(11, 'Carter, Lee and Thompson', 'Healthcare', 'Springfield', 'M'),
(12, 'Davis Corp', 'Retail', 'Riverside', 'L'),
(13, 'Edwards Group', 'Education', 'Hilltown', 'M'),
(14, 'Foster-Gray', 'Technology', 'Lakeside', 'S'),
(15, 'Garcia & Sons', 'Construction', 'Pineville', 'L'),
(16, 'Harris Enterprises', 'Finance', 'Oakwood', 'M'),
(17, 'Irwin Partners', 'Healthcare', 'Mapleton', 'S'),
(18, 'Johnson & Johnson', 'Retail', 'Brookfield', 'L'),
(19, 'Kimberly-Clark', 'Manufacturing', 'Fairview', 'M'),
(20, 'Lewis Technologies', 'Technology', 'Cedar Grove', 'S'),
(21, 'Morris Industries', 'Manufacturing', 'Elmhurst', 'M'),
(22, 'Nelson & Co.', 'Finance', 'Ashford', 'L'),
(23, 'Owens LLC', 'Healthcare', 'Greenfield', 'S'),
(24, 'Parker Enterprises', 'Education', 'Westbrook', 'M'),
(25, 'Quinn Group', 'Retail', 'Sunnyvale', 'L'),
(26, 'Robinson & Sons', 'Construction', 'Hillcrest', 'M'),
(27, 'Scott Technologies', 'Technology', 'Lakeview', 'S'),
(28, 'Turner Inc', 'Finance', 'Maplewood', 'L'),
(29, 'Underwood LLC', 'Healthcare', 'Fairview', 'M'),
(30, 'Vasquez & Associates', 'Education', 'Riverdale', 'S'),
(31, 'White Industries', 'Manufacturing', 'Greenwood', 'M'),
(32, 'Xavier Group', 'Technology', 'Pleasantville', 'L'),
(33, 'Young Enterprises', 'Retail', 'Oakridge', 'M'),
(34, 'Zimmerman LLC', 'Finance', 'Lakewood', 'S'),
(35, 'Anderson-Scott', 'Healthcare', 'Hill Valley', 'M'),
(36, 'Brown & Brown', 'Construction', 'Sunnybrook', 'L'),
(37, 'Clark Technologies', 'Technology', 'Westfield', 'M'),
(38, 'Duncan Group', 'Finance', 'Easton', 'S'),
(39, 'Evans & Co.', 'Education', 'Northgate', 'M'),
(40, 'Fletcher Inc', 'Retail', 'Southport', 'L'),
(41, 'Gibson LLC', 'Manufacturing', 'Brighton', 'M'),
(42, 'Hayes & Associates', 'Healthcare', 'Lakeview', 'S'),
(43, 'Ingram Enterprises', 'Finance', 'Riverton', 'M'),
(44, 'Jordan Group', 'Education', 'Mapleton', 'L'),
(45, 'Klein & Sons', 'Construction', 'Fairmont', 'M'),
(46, 'Long Technologies', 'Technology', 'Brookside', 'S'),
(47, 'Miller LLC', 'Retail', 'Greenfield', 'L'),
(48, 'Norton Inc', 'Finance', 'Hillcrest', 'M'),
(49, 'OConnor & Co.', 'Healthcare', 'Sunnyvale', 'S'),
(50, 'Peterson Group', 'Education', 'Westbrook', 'M');


-- Admin
INSERT INTO Admin (AdminID, FirstName, LastName, Email, Role) 
VALUES
(1, 'Dana', 'Levine', 'kristenluna@hunter-alvarez.com', 'System Administrator'),
(2, 'Gregory', 'Smith', 'deanna76@dyer-martin.com', 'System Administrator'),
(3, 'Michael', 'Gutierrez', 'benjaminvasquez@yahoo.com', 'Operations Manager');

-- Student Skills
INSERT INTO StudentSkills (StudentID, SkillID, Proficiency) 
VALUES
    (1, 1, 8),
    (1, 26, 7),
    (2, 2, 6),
    (2, 27, 5),
    (3, 3, 9),
    (3, 28, 4),
    (4, 4, 7),
    (4, 29, 6),
    (5, 5, 8),
    (5, 30, 5),
    (6, 6, 7),
    (6, 31, 9),
    (7, 7, 5),
    (7, 32, 6),
    (8, 8, 9),
    (8, 33, 7),
    (9, 9, 6),
    (9, 34, 8),
    (10, 10, 7),
    (10, 35, 5),
    (11, 11, 8),
    (11, 36, 6),
    (12, 12, 7),
    (12, 37, 9),
    (13, 13, 5),
    (13, 38, 8),
    (14, 14, 6),
    (14, 39, 7),
    (15, 15, 9),
    (15, 40, 5),
    (16, 16, 8),
    (16, 41, 6),
    (17, 17, 7),
    (17, 42, 9),
    (18, 18, 5),
    (18, 43, 8),
    (19, 19, 6),
    (19, 44, 7),
    (20, 20, 8),
    (20, 45, 5),
    (21, 21, 7),
    (21, 46, 6),
    (22, 22, 9),
    (22, 47, 7),
    (23, 23, 5),
    (23, 48, 8),
    (24, 24, 6),
    (24, 49, 9),
    (25, 25, 8),
    (25, 50, 5),
    (26, 1, 7),
    (26, 26, 8),
    (27, 2, 6),
    (27, 27, 7),
    (28, 3, 9),
    (28, 28, 5),
    (29, 4, 7),
    (29, 29, 6),
    (30, 5, 8),
    (30, 30, 5),
    (31, 6, 7),
    (31, 31, 9),
    (32, 7, 5),
    (32, 32, 6),
    (33, 8, 9),
    (33, 33, 7),
    (34, 9, 6),
    (34, 34, 8),
    (35, 10, 7),
    (35, 35, 5),
    (36, 11, 8),
    (36, 36, 6),
    (37, 12, 7),
    (37, 37, 9),
    (38, 13, 5),
    (38, 38, 8),
    (39, 14, 6),
    (39, 39, 7),
    (40, 15, 9),
    (40, 40, 5),
    (41, 16, 8),
    (41, 41, 6),
    (42, 17, 7),
    (42, 42, 9),
    (43, 18, 5),
    (43, 43, 8),
    (44, 19, 6),
    (44, 44, 7),
    (45, 20, 8),
    (45, 45, 5),
    (46, 21, 7),
    (46, 46, 6),
    (47, 22, 9),
    (47, 47, 7),
    (48, 23, 5),
    (48, 48, 8),
    (49, 24, 6),
    (49, 49, 9),
    (50, 25, 8),
    (50, 50, 5),
    (51, 1, 7),
    (51, 26, 8),
    ... (Continue all StudentSkills inserts as originally provided) ...
    (150, 25, 8),
    (150, 50, 5);

-- Co-op Role
INSERT INTO CoopRole (CompanyID, Title, City, Country, Pay, RequiredGPA) VALUES
(1, 'Data Scientist', 'Boston', 'US', 45000, 3.7),
(1, 'Financial Analyst', 'Boston', 'US', 30000, 3.3),
(1, 'Software Engineer', 'Cambridge', 'US', 50000, 3.5),
(1, 'Marketing Coordinator', 'Boston', 'US', 35000, 3.4),
(2, 'Engineer', 'Cambridge', 'US', 50000, 3.5),
(2, 'Project Manager', 'Cambridge', 'US', 55000, 3.6),
(2, 'Quality Assurance Tester', 'Cambridge', 'US', 40000, 3.2),
(2, 'Technical Support Specialist', 'Cambridge', 'US', 38000, 3.1),
... (All remaining CoopRole inserts as originally provided) ...
(50, 'Sales Associate', 'Westbrook', 'US', 32000, 3.0);

-- Required Skills
INSERT INTO RequiredSkills (PositionID, SkillID, Proficiency) VALUES
(3, 8, 4),
(3, 6, 9),
(1, 1, 7),
(1, 4, 8),
(4, 2, 10);

-- Experiences
INSERT INTO Experiences (StudentID, Title, Industry, StartTime, EndTime, Company) VALUES
(1, 'Waiter', 'Food Service', DATE_ADD(CURRENT_TIMESTAMP, INTERVAL -2 YEAR), CURRENT_TIMESTAMP, 'Pressed'),
(2, 'Data Analyst', 'Data Science', DATE_ADD(CURRENT_TIMESTAMP, INTERVAL -6 MONTH), CURRENT_TIMESTAMP, 'TD Bank'),
(3, 'Lifeguard', 'Health Care', DATE_ADD(CURRENT_TIMESTAMP, INTERVAL -3 YEAR), CURRENT_TIMESTAMP, 'YMCA');

-- Co-op List
INSERT INTO CoopList (StudentID, CompanyID, PositionID, appliedGPA, prevExpCount) VALUES
(1, 1, 1, 3.8, 1),
(2, 1, 2, 3.5, 2),
(3, 2, 3, 3.3, 1);

-- Reviews (Changed DATETIME column to ReviewDateTime)
INSERT INTO Reviews (ReviewID, ReviewDateTime, Culture, Satisfaction, Compensation, LearningOpportunity, WorkLifeBalance, Summary, Flagged) VALUES
(1, '2024-01-01 09:00:00', 3, 4, 3, 5, 5, 'Great experience', 57),
(2, '2024-01-02 10:15:30', 1, 5, 4, 3, 3, 'Learned a lot', 23),
(3, '2024-01-03 11:30:45', 4, 3, 4, 4, 3, 'Challenging work', 142),
(4, '2024-01-04 12:45:00', 2, 4, 5, 2, 4, 'Excellent role', 89),
(5, '2024-01-05 14:00:15', 5, 2, 3, 4, 4, 'Good learning opportunity', 176),
(6, '2024-01-06 09:30:00', 1, 5, 4, 3, 3, 'Valuable experience', 34),
(7, '2024-01-07 10:45:20', 4, 3, 2, 5, 5, 'Met great people', 119),
(8, '2024-01-08 11:00:35', 2, 4, 5, 4, 4, 'Innovative projects', 67),
(9, '2024-01-09 13:15:50', 3, 3, 3, 3, 3, 'Balanced workload', 150),
(10, '2024-01-10 14:30:05', 5, 5, 4, 4, 4, 'Supportive team', 92),
... (Continue all Reviews inserts as originally provided, ensuring the ReviewDateTime column name is used and strings are single quoted) ...
(200, '2024-07-18 17:30:00', 5, 3, 4, 4, 4, 'Excellent role', 150);

-- Activity Logs
INSERT INTO Activity_Logs (AdminID, ActionType, Details) VALUES
(1, 'Data Analysis', NULL),
(2, 'Review Checking', NULL),
(3, 'Review Checking', NULL);