DROP DATABASE IF EXISTS CoOperate;

CREATE DATABASE IF NOT EXISTS CoOperate;

SHOW DATABASES;

USE CoOperate;

DROP USER IF EXISTS 'jimbobwe'@'%';
CREATE USER 'jimbobwe'@'%' IDENTIFIED BY '1234';
GRANT ALL PRIVILEGES ON CoOperate.* TO 'jimbobwe'@'%';

CREATE TABLE Advisors
(
    AdvisorID INT PRIMARY KEY AUTO_INCREMENT,
    FirstName VARCHAR(50) NOT NULL,
    LastName  VARCHAR(50) NOT NULL,
    College   VARCHAR(50),
    Email     VARCHAR(50) UNIQUE
);

CREATE TABLE Students
(
    StudentID   INT PRIMARY KEY AUTO_INCREMENT,
    FirstName   VARCHAR(50) NOT NULL,
    LastName    VARCHAR(50) NOT NULL,
    GPA         FLOAT CHECK (GPA BETWEEN 0 AND 4.0),
    Major       VARCHAR(50),
    CurrentYear INT CHECK (CurrentYear BETWEEN 1 AND 8),
    HomeCollege VARCHAR(50),
    AdvisorID   INT,
    Email       VARCHAR(50) UNIQUE,
    FOREIGN KEY (AdvisorID) REFERENCES Advisors (AdvisorID)
        ON UPDATE CASCADE
        ON DELETE SET NULL
);

CREATE TABLE Experiences
(
    ExperienceID INT AUTO_INCREMENT,
    StudentID    INT NOT NULL,
    Title        VARCHAR(50) NOT NULL,
    Industry     VARCHAR(50),
    StartTime    DATE,
    EndTime      DATE,
    Company      VARCHAR(50),

    PRIMARY KEY (ExperienceID),
    FOREIGN KEY (StudentID) REFERENCES Students (StudentID)
        ON DELETE CASCADE
);

CREATE TABLE Skill
(
    SkillID   INT PRIMARY KEY AUTO_INCREMENT,
    SkillName VARCHAR(50) NOT NULL
);

CREATE TABLE StudentSkills
(
    StudentID   INT NOT NULL,
    SkillID     INT NOT NULL,
    Proficiency INT CHECK (Proficiency BETWEEN 1 AND 10),
    PRIMARY KEY (StudentID, SkillID),
    FOREIGN KEY (StudentID) REFERENCES Students (StudentID)
        ON DELETE CASCADE,
    FOREIGN KEY (SkillID) REFERENCES Skill (SkillID)
        ON DELETE RESTRICT
);

CREATE TABLE Company
(
    CompanyID    INT PRIMARY KEY AUTO_INCREMENT,
    Name         VARCHAR(50) NOT NULL,
    Industry     VARCHAR(50),
    Headquarters VARCHAR(50),
    Size         CHAR(1) CHECK (Size IN ('S', 'M', 'L')) -- S = Small, M = Medium, L = Large
);

CREATE TABLE CoopRole
(
    PositionID  INT AUTO_INCREMENT,
    CompanyID   INT NOT NULL,
    Title       VARCHAR(50) NOT NULL,
    City        VARCHAR(50),
    Country     VARCHAR(50),
    Pay         DECIMAL(10, 2),
    RequiredGPA FLOAT CHECK (RequiredGPA BETWEEN 0 AND 4.0),
    PRIMARY KEY (PositionID),
    FOREIGN KEY (CompanyID) REFERENCES Company (CompanyID)
        ON DELETE RESTRICT
);

CREATE TABLE RequiredSkills
(
    PositionID  INT NOT NULL,
    SkillID     INT NOT NULL,
    Proficiency INT CHECK (Proficiency BETWEEN 1 AND 10),
    PRIMARY KEY (PositionID, SkillID),
    FOREIGN KEY (PositionID) REFERENCES CoopRole (PositionID)
        ON DELETE CASCADE,
    FOREIGN KEY (SkillID) REFERENCES Skill (SkillID)
        ON DELETE RESTRICT
);

CREATE TABLE CoopList
(
    StudentID  INT NOT NULL,
    CompanyID  INT NOT NULL,
    PositionID INT NOT NULL,
    appliedStatus BOOLEAN NOT NULL DEFAULT FALSE,
    acceptedStatus BOOLEAN NOT NULL DEFAULT FALSE,
    appliedGPA FLOAT CHECK (appliedGPA BETWEEN 1 AND 10),
    prevExpCount INT,
    PRIMARY KEY (StudentID, CompanyID, PositionID),
    FOREIGN KEY (StudentID) REFERENCES Students (StudentID)
        ON DELETE CASCADE,
    FOREIGN KEY (CompanyID) REFERENCES Company (CompanyID)
        ON DELETE CASCADE,
    FOREIGN KEY (PositionID) REFERENCES CoopRole (PositionID)
        ON DELETE CASCADE
);

CREATE TABLE Admin
(
    AdminID   INT PRIMARY KEY AUTO_INCREMENT,
    FirstName VARCHAR(50) NOT NULL,
    LastName  VARCHAR(50) NOT NULL,
    Email     VARCHAR(50) UNIQUE,
    Role      VARCHAR(50)
);
-- Testing
CREATE TABLE Reviews
(
    ReviewID            INT PRIMARY KEY AUTO_INCREMENT,
    StudentID           INT NOT NULL,
    Date                DATETIME NOT NULL DEFAULT CURRENT_TIMESTAMP,
    Culture             INT CHECK (Culture BETWEEN 1 AND 5),
    Satisfaction        INT CHECK (Satisfaction BETWEEN 1 AND 5),
    Compensation        INT CHECK (Compensation BETWEEN 1 AND 5),
    LearningOpportunity INT CHECK (LearningOpportunity BETWEEN 1 AND 5),
    WorkLifeBalance     INT CHECK (WorkLifeBalance BETWEEN 1 AND 5),
    Summary             TEXT,
    Flagged             BOOLEAN DEFAULT FALSE,
    ResolvedBy          INT DEFAULT NULL,
    PositionID          INT NOT NULL,
    FOREIGN KEY (StudentID) REFERENCES Students (StudentID)
        ON DELETE RESTRICT,
    FOREIGN KEY (ResolvedBy) REFERENCES Admin (AdminID)
        ON DELETE SET NULL,
    FOREIGN KEY (PositionID) REFERENCES CoopRole (PositionID)
        ON DELETE CASCADE
);

CREATE TABLE Activity_Logs
(
    LogID      INT PRIMARY KEY AUTO_INCREMENT,
    AdminID    INT NOT NULL,
    ActionType VARCHAR(50) NOT NULL,
    Details    TEXT,
    Timestamp  DATETIME DEFAULT CURRENT_TIMESTAMP,
    FOREIGN KEY (AdminID) REFERENCES Admin (AdminID)
        ON DELETE CASCADE
);

-- Advisors
INSERT INTO CoOperate.Advisors (AdvisorID, FirstName, LastName, College, Email) VALUES
(1, 'Emily', 'Johnson', 'College of Arts, Media and Design', 'emily.johnson@northeastern.edu'),
(2, 'Michael', 'Brown', 'College of Engineering', 'michael.brown@northeastern.edu'),
(3, 'Sarah', 'Davis', 'DAmore-McKim School of Business', 'sarah.davis@northeastern.edu'),
(4, 'David', 'Garcia', 'College of Science', 'david.garcia@northeastern.edu'),
(5, 'Jessica', 'Martinez', 'Bouvé College of Health Sciences', 'jessica.martinez@northeastern.edu'),
(6, 'Christopher', 'Rodriguez', 'College of Computer and Information Science', 'christopher.rodriguez@northeastern.edu'),
(7, 'Amanda', 'Lee', 'College of Social Sciences and Humanities', 'amanda.lee@northeastern.edu'),
(8, 'Joshua', 'Walker', 'College of Professional Studies', 'joshua.walker@northeastern.edu'),
(9, 'Ashley', 'Hall', 'College of Arts, Media and Design', 'ashley.hall@northeastern.edu'),
(10, 'Matthew', 'Young', 'College of Engineering', 'matthew.young@northeastern.edu'),
(11, 'Lauren', 'Hernandez', 'DAmore-McKim School of Business', 'lauren.hernandez@northeastern.edu'),
(12, 'Andrew', 'King', 'College of Science', 'andrew.king@northeastern.edu'),
(13, 'Megan', 'Wright', 'Bouvé College of Health Sciences', 'megan.wright@northeastern.edu'),
(14, 'Brian', 'Lopez', 'College of Computer and Information Science', 'brian.lopez@northeastern.edu'),
(15, 'Stephanie', 'Hill', 'College of Social Sciences and Humanities', 'stephanie.hill@northeastern.edu'),
(16, 'Justin', 'Scott', 'College of Professional Studies', 'justin.scott@northeastern.edu'),
(17, 'Nicole', 'Green', 'College of Arts, Media and Design', 'nicole.green@northeastern.edu'),
(18, 'Daniel', 'Adams', 'College of Engineering', 'daniel.adams@northeastern.edu'),
(19, 'Pranay', 'Maddali', 'DAmore-McKim School of Business', 'pranay.maddali@northeastern.edu'),
(20, 'Ryan', 'Nelson', 'College of Science', 'ryan.nelson@northeastern.edu'),
(21, 'Rebecca', 'Carter', 'Bouvé College of Health Sciences', 'rebecca.carter@northeastern.edu'),
(22, 'Jacob', 'Mitchell', 'College of Computer and Information Science', 'jacob.mitchell@northeastern.edu'),
(23, 'Laura', 'Perez', 'College of Social Sciences and Humanities', 'laura.perez@northeastern.edu'),
(24, 'Nicholas', 'Roberts', 'College of Professional Studies', 'nicholas.roberts@northeastern.edu'),
(25, 'Victoria', 'Turner', 'College of Arts, Media and Design', 'victoria.turner@northeastern.edu'),
(26, 'Brandon', 'Phillips', 'College of Engineering', 'brandon.phillips@northeastern.edu'),
(27, 'Michelle', 'Campbell', 'DAmore-McKim School of Business', 'michelle.campbell@northeastern.edu'),
(28, 'Joshua', 'Parker', 'College of Science', 'joshua.parker@northeastern.edu'),
(29, 'Hannah', 'Evans', 'Bouvé College of Health Sciences', 'hannah.evans@northeastern.edu'),
(30, 'Alexander', 'Edwards', 'College of Computer and Information Science', 'alexander.edwards@northeastern.edu'),
(31, 'Samantha', 'Collins', 'College of Social Sciences and Humanities', 'samantha.collins@northeastern.edu'),
(32, 'Ethan', 'Stewart', 'College of Professional Studies', 'ethan.stewart@northeastern.edu'),
(33, 'Katherine', 'Sanchez', 'College of Arts, Media and Design', 'katherine.sanchez@northeastern.edu'),
(34, 'Benjamin', 'Morris', 'College of Engineering', 'benjamin.morris@northeastern.edu'),
(35, 'Abigail', 'Rogers', 'DAmore-McKim School of Business', 'abigail.rogers@northeastern.edu'),
(36, 'Joshua', 'Reed', 'College of Science', 'joshua.reed@northeastern.edu'),
(37, 'Elizabeth', 'Cook', 'Bouvé College of Health Sciences', 'elizabeth.cook@northeastern.edu'),
(38, 'Andrew', 'Morgan', 'College of Computer and Information Science', 'andrew.morgan@northeastern.edu'),
(39, 'Olivia', 'Bell', 'College of Social Sciences and Humanities', 'olivia.bell@northeastern.edu'),
(40, 'Tyler', 'Murphy', 'College of Professional Studies', 'tyler.murphy@northeastern.edu'),
(41, 'Emily', 'Clark', 'College of Arts, Media and Design', 'emily.clark@northeastern.edu'),
(42, 'Logan', 'Lewis', 'College of Engineering', 'logan.lewis@northeastern.edu'),
(43, 'Grace', 'Lee', 'DAmore-McKim School of Business', 'grace.lee@northeastern.edu'),
(44, 'Jacob', 'Walker', 'College of Science', 'jacob.walker@northeastern.edu'),
(45, 'Ella', 'Hall', 'Bouvé College of Health Sciences', 'ella.hall@northeastern.edu');

INSERT INTO Company (CompanyID, Name, Industry, Headquarters, Size)
VALUES
(1, 'Smith-Harris', 'Retail', 'Lake Leslie', 'L'),
(2, 'Moore Inc', 'Healthcare', 'Morrisfort', 'L'),
(3, 'Burns, Perry and Ramirez', 'Healthcare', 'Gregorymouth', 'S'),
(4, 'Gamble, Johnson and Lopez', 'Education', 'North Courtneyfurt', 'S'),
(5, 'Yu-Keith', 'Education', 'East Karenfurt', 'S'),
(6, 'Francis, Henson and Smith', 'Technology', 'East Mindyville', 'M'),
(7, 'Chavez-Drake', 'Finance', 'South Nicole', 'L'),
(8, 'Walker, Evans and Newman', 'Education', 'Markshire', 'L'),
(9, 'Taylor and Associates', 'Finance', 'West Brandon', 'M'),
(10, 'Bennett LLC', 'Technology', 'Port Jeffrey', 'S'),
(11, 'Carter, Lee and Thompson', 'Healthcare', 'Springfield', 'M'),
(12, 'Davis Corp', 'Retail', 'Riverside', 'L'),
(13, 'Edwards Group', 'Education', 'Hilltown', 'M'),
(14, 'Foster-Gray', 'Technology', 'Lakeside', 'S'),
(15, 'Garcia & Sons', 'Construction', 'Pineville', 'L'),
(16, 'Harris Enterprises', 'Finance', 'Oakwood', 'M'),
(17, 'Irwin Partners', 'Healthcare', 'Mapleton', 'S'),
(18, 'Johnson & Johnson', 'Retail', 'Brookfield', 'L'),
(19, 'Kimberly-Clark', 'Manufacturing', 'Fairview', 'M'),
(20, 'Lewis Technologies', 'Technology', 'Cedar Grove', 'S'),
(21, 'Morris Industries', 'Manufacturing', 'Elmhurst', 'M'),
(22, 'Nelson & Co.', 'Finance', 'Ashford', 'L'),
(23, 'Owens LLC', 'Healthcare', 'Greenfield', 'S'),
(24, 'Parker Enterprises', 'Education', 'Westbrook', 'M'),
(25, 'Quinn Group', 'Retail', 'Sunnyvale', 'L'),
(26, 'Robinson & Sons', 'Construction', 'Hillcrest', 'M'),
(27, 'Scott Technologies', 'Technology', 'Lakeview', 'S'),
(28, 'Turner Inc', 'Finance', 'Maplewood', 'L'),
(29, 'Underwood LLC', 'Healthcare', 'Fairview', 'M'),
(30, 'Vasquez & Associates', 'Education', 'Riverdale', 'S'),
(31, 'White Industries', 'Manufacturing', 'Greenwood', 'M'),
(32, 'Xavier Group', 'Technology', 'Pleasantville', 'L'),
(33, 'Young Enterprises', 'Retail', 'Oakridge', 'M'),
(34, 'Zimmerman LLC', 'Finance', 'Lakewood', 'S'),
(35, 'Anderson-Scott', 'Healthcare', 'Hill Valley', 'M'),
(36, 'Brown & Brown', 'Construction', 'Sunnybrook', 'L'),
(37, 'Clark Technologies', 'Technology', 'Westfield', 'M'),
(38, 'Duncan Group', 'Finance', 'Easton', 'S'),
(39, 'Evans & Co.', 'Education', 'Northgate', 'M'),
(40, 'Fletcher Inc', 'Retail', 'Southport', 'L'),
(41, 'Gibson LLC', 'Manufacturing', 'Brighton', 'M'),
(42, 'Hayes & Associates', 'Healthcare', 'Lakeview', 'S'),
(43, 'Ingram Enterprises', 'Finance', 'Riverton', 'M'),
(44, 'Jordan Group', 'Education', 'Mapleton', 'L'),
(45, 'Klein & Sons', 'Construction', 'Fairmont', 'M'),
(46, 'Long Technologies', 'Technology', 'Brookside', 'S'),
(47, 'Miller LLC', 'Retail', 'Greenfield', 'L'),
(48, 'Norton Inc', 'Finance', 'Hillcrest', 'M'),
(49, 'OConnor & Co.', 'Healthcare', 'Sunnyvale', 'S'),
(50, 'Peterson Group', 'Education', 'Westbrook', 'M'),
(51, 'Smith Analytics', 'Technology', 'Cambridge', 'M'),
(52, 'Digital Dynamics', 'Technology', 'San Francisco', 'L'),
(53, 'BioTech Solutions', 'Healthcare', 'Boston', 'M'),
(54, 'Cloud Systems Inc', 'Technology', 'Seattle', 'L'),
(55, 'EcoEnergy Corp', 'Energy', 'Houston', 'L'),
(56, 'Finance Plus', 'Finance', 'New York', 'M'),
(57, 'Global Edu', 'Education', 'Chicago', 'M'),
(58, 'Health First', 'Healthcare', 'Miami', 'S'),
(59, 'Innovation Labs', 'Research', 'Austin', 'S'),
(60, 'Data Systems Corp', 'Technology', 'Portland', 'M'),
(61, 'Marketing Pro', 'Marketing', 'Los Angeles', 'S'),
(62, 'Tech Solutions', 'Technology', 'Denver', 'M'),
(63, 'Green Energy', 'Energy', 'Phoenix', 'L'),
(64, 'Smart Finance', 'Finance', 'Boston', 'M'),
(65, 'Future Learn', 'Education', 'Atlanta', 'S'),
(66, 'Bio Research', 'Healthcare', 'San Diego', 'M'),
(67, 'Cloud Tech', 'Technology', 'Seattle', 'L'),
(68, 'Smart Systems', 'Technology', 'Austin', 'M'),
(69, 'Health Plus', 'Healthcare', 'Chicago', 'L'),
(70, 'Edu Solutions', 'Education', 'Miami', 'S'),
(71, 'Tech Innovate', 'Technology', 'San Jose', 'L'),
(72, 'Green Solutions', 'Energy', 'Houston', 'M'),
(73, 'Financial Systems', 'Finance', 'New York', 'L'),
(74, 'Learning Plus', 'Education', 'Boston', 'S'),
(75, 'Health Systems', 'Healthcare', 'Chicago', 'M'),
(76, 'Data Analytics Co', 'Technology', 'Seattle', 'L'),
(77, 'Smart Energy', 'Energy', 'Denver', 'M'),
(78, 'Finance Tech', 'Finance', 'Boston', 'L'),
(79, 'Edu Tech', 'Education', 'Austin', 'M'),
(80, 'Healthcare Analytics', 'Healthcare', 'San Francisco', 'L'),
(81, 'Cloud Solutions', 'Technology', 'Seattle', 'M'),
(82, 'Green Technologies', 'Energy', 'Houston', 'L'),
(83, 'Investment Solutions', 'Finance', 'New York', 'M'),
(84, 'Learning Systems', 'Education', 'Chicago', 'S'),
(85, 'Medical Technologies', 'Healthcare', 'Boston', 'L'),
(86, 'Data Innovations', 'Technology', 'San Jose', 'M'),
(87, 'Renewable Energy', 'Energy', 'Phoenix', 'L'),
(88, 'Wealth Management', 'Finance', 'Miami', 'M'),
(89, 'Online Education', 'Education', 'Portland', 'S'),
(90, 'Health Innovations', 'Healthcare', 'Los Angeles', 'L'),
(91, 'AI Solutions', 'Technology', 'Seattle', 'M'),
(92, 'Clean Energy', 'Energy', 'Austin', 'L'),
(93, 'Investment Tech', 'Finance', 'Boston', 'M'),
(94, 'Digital Learning', 'Education', 'Chicago', 'S'),
(95, 'Biotech Research', 'Healthcare', 'San Diego', 'L'),
(96, 'Cloud Computing', 'Technology', 'Denver', 'M'),
(97, 'Solar Solutions', 'Energy', 'Phoenix', 'L'),
(98, 'Financial Analytics', 'Finance', 'New York', 'M'),
(99, 'Virtual Education', 'Education', 'San Francisco', 'S'),
(100, 'Healthcare Solutions', 'Healthcare', 'Boston', 'L');


-- Students
INSERT INTO Students (StudentID, FirstName, LastName, GPA, Major, CurrentYear, HomeCollege, AdvisorID, Email) VALUES
(1, 'John', 'Smith', 3.5, 'Computer Science', 3, 'College of Arts, Media and Design', 1, 'john.smith1@university.edu'),
(2, 'Jane', 'Johnson', 3.6, 'Business', 4, 'College of Arts and Sciences', 2, 'jane.johnson2@university.edu'),
(3, 'Michael', 'Williams', 3.7, 'Biology', 1, 'College of Computer and Information Science', 3, 'michael.williams3@university.edu'),
(4, 'Emily', 'Brown', 3.8, 'Psychology', 2, 'College of Engineering', 4, 'emily.brown4@university.edu'),
(5, 'David', 'Jones', 3.9, 'Mathematics', 3, 'Bouvé College of Health Sciences', 5, 'david.jones5@university.edu'),
(6, 'Sarah', 'Garcia', 3.0, 'Economics', 4, 'DAmore-McKim School of Business', 6, 'sarah.garcia6@university.edu'),
(7, 'Robert', 'Miller', 3.1, 'Political Science', 1, 'College of Professional Studies', 7, 'robert.miller7@university.edu'),
(8, 'Laura', 'Davis', 3.2, 'Chemistry', 2, 'Khoury College of Computer Sciences', 8, 'laura.davis8@university.edu'),
(9, 'James', 'Martinez', 3.3, 'English', 3, 'College of Arts, Media and Design', 9, 'james.martinez9@university.edu'),
(10, 'Linda', 'Hernandez', 3.4, 'Computer Science', 4, 'College of Arts and Sciences', 10, 'linda.hernandez10@university.edu'),
(11, 'William', 'Lopez', 3.5, 'Business', 1, 'College of Computer and Information Science', 11, 'william.lopez11@university.edu'),
(12, 'Karen', 'Gonzalez', 3.6, 'Biology', 2, 'College of Engineering', 12, 'karen.gonzalez12@university.edu'),
(13, 'Richard', 'Wilson', 3.7, 'Psychology', 3, 'Bouvé College of Health Sciences', 13, 'richard.wilson13@university.edu'),
(14, 'Barbara', 'Anderson', 3.8, 'Mathematics', 4, 'DAmore-McKim School of Business', 14, 'barbara.anderson14@university.edu'),
(15, 'Charles', 'Thomas', 3.9, 'Economics', 1, 'College of Professional Studies', 15, 'charles.thomas15@university.edu'),
(16, 'Susan', 'Taylor', 3.0, 'Political Science', 2, 'Khoury College of Computer Sciences', 16, 'susan.taylor16@university.edu'),
(17, 'Joseph', 'Moore', 3.1, 'Chemistry', 3, 'College of Arts, Media and Design', 17, 'joseph.moore17@university.edu'),
(18, 'Jessica', 'Jackson', 3.2, 'English', 4, 'College of Arts and Sciences', 18, 'jessica.jackson18@university.edu'),
(19, 'Thomas', 'Martin', 3.3, 'Computer Science', 1, 'College of Computer and Information Science', 19, 'thomas.martin19@university.edu'),
(20, 'Margaret', 'Lee', 3.4, 'Business', 2, 'College of Engineering', 20, 'margaret.lee20@university.edu'),
(21, 'John', 'Smith', 3.5, 'Biology', 3, 'Bouvé College of Health Sciences', 1, 'john.smith21@university.edu'),
(22, 'Jane', 'Johnson', 3.6, 'Economics', 4, 'DAmore-McKim School of Business', 2, 'jane.johnson22@university.edu'),
(23, 'Michael', 'Williams', 3.7, 'Political Science', 1, 'College of Professional Studies', 3, 'michael.williams23@university.edu'),
(24, 'Emily', 'Brown', 3.8, 'Chemistry', 2, 'Khoury College of Computer Sciences', 4, 'emily.brown24@university.edu'),
(25, 'David', 'Jones', 3.9, 'English', 3, 'College of Arts, Media and Design', 5, 'david.jones25@university.edu'),
(26, 'Sarah', 'Garcia', 3.0, 'Computer Science', 4, 'College of Arts and Sciences', 6, 'sarah.garcia26@university.edu'),
(27, 'Robert', 'Miller', 3.1, 'Business', 1, 'College of Computer and Information Science', 7, 'robert.miller27@university.edu'),
(28, 'Laura', 'Davis', 3.2, 'Biology', 2, 'College of Engineering', 8, 'laura.davis28@university.edu'),
(29, 'James', 'Martinez', 3.3, 'Economics', 3, 'Bouvé College of Health Sciences', 9, 'james.martinez29@university.edu'),
(30, 'Linda', 'Hernandez', 3.4, 'Political Science', 4, 'DAmore-McKim School of Business', 10, 'linda.hernandez30@university.edu'),
(31, 'William', 'Lopez', 3.5, 'Chemistry', 1, 'College of Professional Studies', 11, 'william.lopez31@university.edu'),
(32, 'Karen', 'Gonzalez', 3.6, 'English', 2, 'Khoury College of Computer Sciences', 12, 'karen.gonzalez32@university.edu'),
(33, 'Richard', 'Wilson', 3.7, 'Computer Science', 3, 'College of Arts, Media and Design', 13, 'richard.wilson33@university.edu'),
(34, 'Barbara', 'Anderson', 3.8, 'Business', 4, 'College of Arts and Sciences', 14, 'barbara.anderson34@university.edu'),
(35, 'Charles', 'Thomas', 3.9, 'Biology', 1, 'College of Computer and Information Science', 15, 'charles.thomas35@university.edu'),
(36, 'Susan', 'Taylor', 3.0, 'Economics', 2, 'College of Engineering', 16, 'susan.taylor36@university.edu'),
(37, 'Joseph', 'Moore', 3.1, 'Political Science', 3, 'Bouvé College of Health Sciences', 17, 'joseph.moore37@university.edu'),
(38, 'Jessica', 'Jackson', 3.2, 'Chemistry', 4, 'DAmore-McKim School of Business', 18, 'jessica.jackson38@university.edu'),
(39, 'Thomas', 'Martin', 3.3, 'English', 1, 'College of Professional Studies', 19, 'thomas.martin39@university.edu'),
(40, 'Margaret', 'Lee', 3.4, 'Computer Science', 2, 'Khoury College of Computer Sciences', 20, 'margaret.lee40@university.edu'),
(41, 'John', 'Smith', 3.5, 'Business', 3, 'College of Arts, Media and Design', 1, 'john.smith41@university.edu'),
(42, 'Jane', 'Johnson', 3.6, 'Biology', 4, 'College of Arts and Sciences', 2, 'jane.johnson42@university.edu'),
(43, 'Michael', 'Williams', 3.7, 'Economics', 1, 'College of Computer and Information Science', 3, 'michael.williams43@university.edu'),
(44, 'Emily', 'Brown', 3.8, 'Political Science', 2, 'College of Engineering', 4, 'emily.brown44@university.edu'),
(45, 'David', 'Jones', 3.9, 'Chemistry', 3, 'Bouvé College of Health Sciences', 5, 'david.jones45@university.edu'),
(46, 'Sarah', 'Garcia', 3.0, 'English', 4, 'DAmore-McKim School of Business', 6, 'sarah.garcia46@university.edu'),
(47, 'Robert', 'Miller', 3.1, 'Computer Science', 1, 'College of Professional Studies', 7, 'robert.miller47@university.edu'),
(48, 'Laura', 'Davis', 3.2, 'Business', 2, 'Khoury College of Computer Sciences', 8, 'laura.davis48@university.edu'),
(49, 'James', 'Martinez', 3.3, 'Biology', 3, 'College of Arts, Media and Design', 9, 'james.martinez49@university.edu'),
(50, 'Linda', 'Hernandez', 3.4, 'Economics', 4, 'College of Arts and Sciences', 10, 'linda.hernandez50@university.edu'),
(51, 'William', 'Lopez', 3.5, 'Political Science', 1, 'College of Computer and Information Science', 11, 'william.lopez51@university.edu'),
(52, 'Karen', 'Gonzalez', 3.6, 'Chemistry', 2, 'College of Engineering', 12, 'karen.gonzalez52@university.edu'),
(53, 'Richard', 'Wilson', 3.7, 'English', 3, 'Bouvé College of Health Sciences', 13, 'richard.wilson53@university.edu'),
(54, 'Barbara', 'Anderson', 3.8, 'Computer Science', 4, 'DAmore-McKim School of Business', 14, 'barbara.anderson54@university.edu'),
(55, 'Charles', 'Thomas', 3.9, 'Business', 1, 'College of Professional Studies', 15, 'charles.thomas55@university.edu'),
(56, 'Susan', 'Taylor', 3.0, 'Biology', 2, 'Khoury College of Computer Sciences', 16, 'susan.taylor56@university.edu'),
(57, 'Joseph', 'Moore', 3.1, 'Economics', 3, 'College of Arts, Media and Design', 17, 'joseph.moore57@university.edu'),
(58, 'Jessica', 'Jackson', 3.2, 'Political Science', 4, 'College of Arts and Sciences', 18, 'jessica.jackson58@university.edu'),
(59, 'Thomas', 'Martin', 3.3, 'Chemistry', 1, 'College of Computer and Information Science', 19, 'thomas.martin59@university.edu'),
(60, 'Margaret', 'Lee', 3.4, 'English', 2, 'College of Engineering', 20, 'margaret.lee60@university.edu'),
(61, 'John', 'Smith', 3.5, 'Economics', 3, 'Bouvé College of Health Sciences', 1, 'john.smith61@university.edu'),
(62, 'Jane', 'Johnson', 3.6, 'Political Science', 4, 'DAmore-McKim School of Business', 2, 'jane.johnson62@university.edu'),
(63, 'Michael', 'Williams', 3.7, 'Chemistry', 1, 'College of Professional Studies', 3, 'michael.williams63@university.edu'),
(64, 'Emily', 'Brown', 3.8, 'English', 2, 'Khoury College of Computer Sciences', 4, 'emily.brown64@university.edu'),
(65, 'David', 'Jones', 3.9, 'Computer Science', 3, 'College of Arts, Media and Design', 5, 'david.jones65@university.edu'),
(66, 'Sarah', 'Garcia', 3.0, 'Business', 4, 'College of Arts and Sciences', 6, 'sarah.garcia66@university.edu'),
(67, 'Robert', 'Miller', 3.1, 'Biology', 1, 'College of Computer and Information Science', 7, 'robert.miller67@university.edu'),
(68, 'Laura', 'Davis', 3.2, 'Economics', 2, 'College of Engineering', 8, 'laura.davis68@university.edu'),
(69, 'James', 'Martinez', 3.3, 'Political Science', 3, 'Bouvé College of Health Sciences', 9, 'james.martinez69@university.edu'),
(70, 'Linda', 'Hernandez', 3.4, 'Chemistry', 4, 'DAmore-McKim School of Business', 10, 'linda.hernandez70@university.edu'),
(71, 'William', 'Lopez', 3.5, 'English', 1, 'College of Professional Studies', 11, 'william.lopez71@university.edu'),
(72, 'Karen', 'Gonzalez', 3.6, 'Computer Science', 2, 'Khoury College of Computer Sciences', 12, 'karen.gonzalez72@university.edu'),
(73, 'Richard', 'Wilson', 3.7, 'Business', 3, 'College of Arts, Media and Design', 13, 'richard.wilson73@university.edu'),
(74, 'Barbara', 'Anderson', 3.8, 'Biology', 4, 'College of Arts and Sciences', 14, 'barbara.anderson74@university.edu'),
(75, 'Charles', 'Thomas', 3.9, 'Economics', 1, 'College of Computer and Information Science', 15, 'charles.thomas75@university.edu'),
(76, 'Susan', 'Taylor', 3.0, 'Political Science', 2, 'College of Engineering', 16, 'susan.taylor76@university.edu'),
(77, 'Joseph', 'Moore', 3.1, 'Chemistry', 3, 'Bouvé College of Health Sciences', 17, 'joseph.moore77@university.edu'),
(78, 'Jessica', 'Jackson', 3.2, 'English', 4, 'DAmore-McKim School of Business', 18, 'jessica.jackson78@university.edu'),
(79, 'Thomas', 'Martin', 3.3, 'Computer Science', 1, 'College of Professional Studies', 19, 'thomas.martin79@university.edu'),
(80, 'Margaret', 'Lee', 3.4, 'Business', 2, 'Khoury College of Computer Sciences', 20, 'margaret.lee80@university.edu'),
(81, 'John', 'Smith', 3.5, 'Biology', 3, 'College of Arts, Media and Design', 1, 'john.smith81@university.edu'),
(82, 'Jane', 'Johnson', 3.6, 'Economics', 4, 'College of Arts and Sciences', 2, 'jane.johnson82@university.edu'),
(83, 'Michael', 'Williams', 3.7, 'Political Science', 1, 'College of Computer and Information Science', 3, 'michael.williams83@university.edu'),
(84, 'Emily', 'Brown', 3.8, 'Chemistry', 2, 'College of Engineering', 4, 'emily.brown84@university.edu'),
(85, 'David', 'Jones', 3.9, 'English', 3, 'Bouvé College of Health Sciences', 5, 'david.jones85@university.edu'),
(86, 'Sarah', 'Garcia', 3.0, 'Computer Science', 4, 'DAmore-McKim School of Business', 6, 'sarah.garcia86@university.edu'),
(87, 'Robert', 'Miller', 3.1, 'Business', 1, 'College of Professional Studies', 7, 'robert.miller87@university.edu'),
(88, 'Laura', 'Davis', 3.2, 'Biology', 2, 'Khoury College of Computer Sciences', 8, 'laura.davis88@university.edu'),
(89, 'James', 'Martinez', 3.3, 'Economics', 3, 'College of Arts, Media and Design', 9, 'james.martinez89@university.edu'),
(90, 'Linda', 'Hernandez', 3.4, 'Political Science', 4, 'College of Arts and Sciences', 10, 'linda.hernandez90@university.edu'),
(91, 'William', 'Lopez', 3.5, 'Chemistry', 1, 'College of Computer and Information Science', 11, 'william.lopez91@university.edu'),
(92, 'Karen', 'Gonzalez', 3.6, 'English', 2, 'College of Engineering', 12, 'karen.gonzalez92@university.edu'),
(93, 'Richard', 'Wilson', 3.7, 'Computer Science', 3, 'Bouvé College of Health Sciences', 13, 'richard.wilson93@university.edu'),
(94, 'Barbara', 'Anderson', 3.8, 'Business', 4, 'DAmore-McKim School of Business', 14, 'barbara.anderson94@university.edu'),
(95, 'Charles', 'Thomas', 3.9, 'Biology', 1, 'College of Professional Studies', 15, 'charles.thomas95@university.edu'),
(96, 'Susan', 'Taylor', 3.0, 'Economics', 2, 'Khoury College of Computer Sciences', 16, 'susan.taylor96@university.edu'),
(97, 'Joseph', 'Moore', 3.1, 'Political Science', 3, 'College of Arts, Media and Design', 17, 'joseph.moore97@university.edu'),
(98, 'Jessica', 'Jackson', 3.2, 'Chemistry', 4, 'College of Arts and Sciences', 18, 'jessica.jackson98@university.edu'),
(99, 'Thomas', 'Martin', 3.3, 'English', 1, 'College of Computer and Information Science', 19, 'thomas.martin99@university.edu'),
(100, 'Margaret', 'Lee', 3.4, 'Computer Science', 2, 'College of Engineering', 20, 'margaret.lee100@university.edu'),
(101, 'John', 'Smith', 3.5, 'Economics', 3, 'Bouvé College of Health Sciences', 1, 'john.smith101@university.edu'),
(102, 'Jane', 'Johnson', 3.6, 'Political Science', 4, 'DAmore-McKim School of Business', 2, 'jane.johnson102@university.edu'),
(103, 'Michael', 'Williams', 3.7, 'Chemistry', 1, 'College of Professional Studies', 3, 'michael.williams103@university.edu'),
(104, 'Emily', 'Brown', 3.8, 'English', 2, 'Khoury College of Computer Sciences', 4, 'emily.brown104@university.edu'),
(105, 'David', 'Jones', 3.9, 'Computer Science', 3, 'College of Arts, Media and Design', 5, 'david.jones105@university.edu'),
(106, 'Sarah', 'Garcia', 3.0, 'Business', 4, 'College of Arts and Sciences', 6, 'sarah.garcia106@university.edu'),
(107, 'Robert', 'Miller', 3.1, 'Biology', 1, 'College of Computer and Information Science', 7, 'robert.miller107@university.edu'),
(108, 'Laura', 'Davis', 3.2, 'Economics', 2, 'College of Engineering', 8, 'laura.davis108@university.edu'),
(109, 'James', 'Martinez', 3.3, 'Political Science', 3, 'Bouvé College of Health Sciences', 9, 'james.martinez109@university.edu'),
(110, 'Linda', 'Hernandez', 3.4, 'Chemistry', 4, 'DAmore-McKim School of Business', 10, 'linda.hernandez110@university.edu'),
(111, 'William', 'Lopez', 3.5, 'English', 1, 'College of Professional Studies', 11, 'william.lopez111@university.edu'),
(112, 'Karen', 'Gonzalez', 3.6, 'Computer Science', 2, 'Khoury College of Computer Sciences', 12, 'karen.gonzalez112@university.edu'),
(113, 'Richard', 'Wilson', 3.7, 'Business', 3, 'College of Arts, Media and Design', 13, 'richard.wilson113@university.edu'),
(114, 'Barbara', 'Anderson', 3.8, 'Biology', 4, 'College of Arts and Sciences', 14, 'barbara.anderson114@university.edu'),
(115, 'Charles', 'Thomas', 3.9, 'Economics', 1, 'College of Computer and Information Science', 15, 'charles.thomas115@university.edu'),
(116, 'Susan', 'Taylor', 3.0, 'Political Science', 2, 'College of Engineering', 16, 'susan.taylor116@university.edu'),
(117, 'Joseph', 'Moore', 3.1, 'Chemistry', 3, 'Bouvé College of Health Sciences', 17, 'joseph.moore117@university.edu'),
(118, 'Jessica', 'Jackson', 3.2, 'English', 4, 'DAmore-McKim School of Business', 18, 'jessica.jackson118@university.edu'),
(119, 'Thomas', 'Martin', 3.3, 'Computer Science', 1, 'College of Professional Studies', 19, 'thomas.martin119@university.edu'),
(120, 'Margaret', 'Lee', 3.4, 'Business', 2, 'Khoury College of Computer Sciences', 20, 'margaret.lee120@university.edu'),
(121, 'John', 'Smith', 3.5, 'Biology', 3, 'College of Arts, Media and Design', 1, 'john.smith121@university.edu'),
(122, 'Jane', 'Johnson', 3.6, 'Economics', 4, 'College of Arts and Sciences', 2, 'jane.johnson122@university.edu'),
(123, 'Michael', 'Williams', 3.7, 'Political Science', 1, 'College of Computer and Information Science', 3, 'michael.williams123@university.edu'),
(124, 'Emily', 'Brown', 3.8, 'Chemistry', 2, 'College of Engineering', 4, 'emily.brown124@university.edu'),
(125, 'David', 'Jones', 3.9, 'English', 3, 'Bouvé College of Health Sciences', 5, 'david.jones125@university.edu'),
(126, 'Sarah', 'Garcia', 3.0, 'Computer Science', 4, 'DAmore-McKim School of Business', 6, 'sarah.garcia126@university.edu'),
(127, 'Robert', 'Miller', 3.1, 'Business', 1, 'College of Professional Studies', 7, 'robert.miller127@university.edu'),
(128, 'Laura', 'Davis', 3.2, 'Biology', 2, 'Khoury College of Computer Sciences', 8, 'laura.davis128@university.edu'),
(129, 'James', 'Martinez', 3.3, 'Economics', 3, 'College of Arts, Media and Design', 9, 'james.martinez129@university.edu'),
(130, 'Linda', 'Hernandez', 3.4, 'Political Science', 4, 'College of Arts and Sciences', 10, 'linda.hernandez130@university.edu'),
(131, 'William', 'Lopez', 3.5, 'Chemistry', 1, 'College of Computer and Information Science', 11, 'william.lopez131@university.edu'),
(132, 'Karen', 'Gonzalez', 3.6, 'English', 2, 'College of Engineering', 12, 'karen.gonzalez132@university.edu'),
(133, 'Richard', 'Wilson', 3.7, 'Computer Science', 3, 'Bouvé College of Health Sciences', 13, 'richard.wilson133@university.edu'),
(134, 'Barbara', 'Anderson', 3.8, 'Business', 4, 'DAmore-McKim School of Business', 14, 'barbara.anderson134@university.edu'),
(135, 'Charles', 'Thomas', 3.9, 'Biology', 1, 'College of Professional Studies', 15, 'charles.thomas135@university.edu'),
(136, 'Susan', 'Taylor', 3.0, 'Economics', 2, 'Khoury College of Computer Sciences', 16, 'susan.taylor136@university.edu'),
(137, 'Joseph', 'Moore', 3.1, 'Political Science', 3, 'College of Arts, Media and Design', 17, 'joseph.moore137@university.edu'),
(138, 'Jessica', 'Jackson', 3.2, 'Chemistry', 4, 'College of Arts and Sciences', 18, 'jessica.jackson138@university.edu'),
(139, 'Thomas', 'Martin', 3.3, 'English', 1, 'College of Computer and Information Science', 19, 'thomas.martin139@university.edu'),
(140, 'Margaret', 'Lee', 3.4, 'Computer Science', 2, 'College of Engineering', 20, 'margaret.lee140@university.edu'),
(141, 'John', 'Smith', 3.5, 'Economics', 3, 'Bouvé College of Health Sciences', 1, 'john.smith141@university.edu'),
(142, 'Jane', 'Johnson', 3.6, 'Political Science', 4, 'DAmore-McKim School of Business', 2, 'jane.johnson142@university.edu'),
(143, 'Michael', 'Williams', 3.7, 'Chemistry', 1, 'College of Professional Studies', 3, 'michael.williams143@university.edu'),
(144, 'Emily', 'Brown', 3.8, 'English', 2, 'Khoury College of Computer Sciences', 4, 'emily.brown144@university.edu'),
(145, 'David', 'Jones', 3.9, 'Computer Science', 3, 'College of Arts, Media and Design', 5, 'david.jones145@university.edu'),
(146, 'Sarah', 'Garcia', 3.0, 'Business', 4, 'College of Arts and Sciences', 6, 'sarah.garcia146@university.edu'),
(147, 'Robert', 'Miller', 3.1, 'Biology', 1, 'College of Computer and Information Science', 7, 'robert.miller147@university.edu'),
(148, 'Laura', 'Davis', 3.2, 'Economics', 2, 'College of Engineering', 8, 'laura.davis148@university.edu'),
(149, 'James', 'Martinez', 3.3, 'Political Science', 3, 'Bouvé College of Health Sciences', 9, 'james.martinez149@university.edu'),
(150, 'Linda', 'Hernandez', 3.4, 'Chemistry', 4, 'DAmore-McKim School of Business', 10, 'linda.hernandez150@university.edu');


-- Skill
INSERT INTO Skill (SkillID, SkillName) VALUES
    (2, 'Statistical Analysis'),
    (3, 'Machine Learning'),
    (4, 'Project Management'),
    (5, 'Technical Writing'),
    (6, 'Research'),
    (7, 'Laboratory Skills'),
    (8, 'Data Visualization'),
    (9, 'Information Literacy'),
    (10, 'API Development'),

    -- Soft Skills
    (11, 'Communication'),
    (12, 'Teamwork'),
    (13, 'Time Management'),
    (14, 'Leadership'),
    (15, 'Critical Thinking'),
    (16, 'Problem Solving'),
    (17, 'Adaptability'),
    (18, 'Creativity'),
    (19, 'Interpersonal Skills'),
    (20, 'Conflict Resolution'),
    (21, 'Organization'),
    (22, 'Attention to Detail'),
    (23, 'Initiative'),
    (24, 'Dependability'),
    (25, 'Public Speaking'),
    (26, 'Collaboration'),
    (27, 'Emotional Intelligence'),
    (28, 'Networking'),
    (29, 'Negotiation'),
    (30, 'Mentoring'),

    -- Academic Skills
    (31, 'Study Skills'),
    (32, 'Exam Preparation'),
    (33, 'Note-Taking'),
    (34, 'Learning Strategies'),
    (35, 'Academic Research'),
    (36, 'Citation Management'),
    (37, 'Ethical Reasoning'),
    (38, 'Cultural Competency'),
    (39, 'Diversity Awareness'),
    (40, 'Teaching'),
    (41, 'Presentation Skills'),
    (42, 'Data Management'),
    (43, 'Quantitative Reasoning'),
    (44, 'Qualitative Analysis'),
    (45, 'Information Synthesis'),
    (46, 'Cloud Computing'),
(47, 'Cybersecurity'),
(48, 'Blockchain Development'),
(49, 'DevOps'),
(50, 'Data Engineering'),
(51, 'Virtual Reality'),
(52, 'Augmented Reality'),
(53, 'Natural Language Processing'),
(54, 'Big Data Analytics'),
(55, 'Game Development'),
(56, 'Penetration Testing'),
(57, 'Mobile App Development'),
(58, 'Network Administration'),
(59, 'Embedded Systems Programming'),
(60, 'Software Architecture'),

-- Business Skills
(61, 'Business Analytics'),
(62, 'Strategic Planning'),
(63, 'Financial Modeling'),
(64, 'Market Research'),
(65, 'Digital Marketing'),
(66, 'SEO Optimization'),
(67, 'Brand Management'),
(68, 'Product Management'),
(69, 'Sales Strategy'),
(70, 'Operational Efficiency'),

-- Creative Skills
(71, 'Graphic Design'),
(72, 'UI/UX Design'),
(73, 'Animation'),
(74, 'Copywriting'),
(75, 'Content Creation'),
(76, 'Photography'),
(77, 'Video Editing'),
(78, 'Podcast Production'),
(79, 'Storyboarding'),
(80, 'Typography'),

-- Language Skills
(81, 'Spanish Proficiency'),
(82, 'French Proficiency'),
(83, 'German Proficiency'),
(84, 'Mandarin Proficiency'),
(85, 'Japanese Proficiency'),
(86, 'Russian Proficiency'),
(87, 'Arabic Proficiency'),
(88, 'Portuguese Proficiency'),
(89, 'Hindi Proficiency'),
(90, 'Korean Proficiency'),

-- Interpersonal Skills
(91, 'Coaching'),
(92, 'Motivational Speaking'),
(93, 'Cultural Adaptability'),
(94, 'Empathy'),
(95, 'Relationship Building'),
(96, 'Facilitation'),
(97, 'Persuasion'),
(98, 'Conflict Mediation'),
(99, 'Active Listening'),
(100, 'Positive Reinforcement');




-- Admin
INSERT INTO Admin (AdminID, FirstName, LastName, Email, Role)
VALUES
(1, 'Dana', 'Levine', 'kristenluna@hunter-alvarez.com', 'System Administrator'),
(2, 'Gregory', 'Smith', 'deanna76@dyer-martin.com', 'System Administrator'),
(3, 'Michael', 'Gutierrez', 'benjaminvasquez@yahoo.com', 'Operations Manager');

INSERT INTO StudentSkills (StudentID, SkillID, Proficiency) VALUES
(1, 80, 9),
(2, 40, 2),
(4, 14, 2),
(4, 58, 2),
(5, 51, 2),
(5, 10, 8),
(5, 97, 7),
(7, 50, 6),
(7, 69, 5),
(8, 61, 6),
(9, 18, 10),
(9, 77, 4),
(9, 32, 8),
(10, 69, 2),
(10, 42, 4),
(11, 66, 5),
(11, 37, 1),
(11, 25, 4),
(12, 81, 5),
(12, 87, 2),
(13, 78, 2),
(13, 14, 4),
(13, 18, 1),
(14, 41, 5),
(14, 56, 5),
(15, 59, 6),
(17, 19, 9),
(17, 12, 4),
(17, 37, 8),
(18, 62, 10),
(18, 58, 7),
(19, 39, 8),
(19, 64, 4),
(20, 63, 1),
(21, 13, 8),
(24, 61, 3),
(25, 35, 3),
(26, 46, 9),
(26, 14, 6),
(26, 58, 3),
(28, 39, 1),
(28, 35, 5),
(28, 31, 1),
(31, 66, 9),
(31, 57, 10),
(31, 75, 1),
(32, 55, 10),
(32, 67, 2),
(33, 28, 5),
(33, 93, 7),
(33, 90, 6),
(35, 81, 7),
(35, 76, 2),
(35, 90, 7),
(37, 79, 6),
(39, 90, 5),
(39, 91, 2),
(41, 75, 1),
(41, 63, 5),
(41, 60, 3),
(42, 76, 10),
(42, 81, 4),
(42, 34, 7),
(43, 64, 1),
(43, 96, 5),
(43, 48, 9),
(44, 12, 5),
(44, 88, 1),
(45, 48, 5),
(45, 19, 5),
(46, 73, 2),
(46, 87, 1),
(46, 27, 6),
(47, 97, 1),
(47, 56, 8),
(48, 57, 10),
(49, 100, 10),
(49, 15, 2),
(51, 74, 6),
(51, 16, 7),
(52, 29, 5),
(52, 33, 9),
(52, 16, 6),
(53, 87, 7),
(54, 67, 2),
(55, 39, 6),
(57, 99, 9),
(57, 57, 5),
(62, 77, 1),
(62, 12, 9),
(63, 55, 6),
(65, 42, 1),
(65, 16, 3),
(66, 67, 7),
(66, 45, 2),
(66, 94, 2),
(67, 33, 8),
(68, 39, 7),
(70, 61, 4),
(71, 86, 8),
(71, 56, 9),
(71, 82, 1),
(73, 23, 5),
(73, 86, 9),
(73, 88, 4),
(74, 39, 9),
(77, 60, 5),
(77, 78, 5),
(79, 22, 8),
(79, 91, 6),
(79, 68, 5),
(80, 10, 2),
(80, 95, 9),
(80, 97, 9),
(81, 78, 7),
(81, 98, 10),
(82, 51, 8),
(82, 41, 2),
(83, 48, 2),
(83, 98, 1),
(84, 39, 2),
(84, 19, 6),
(84, 25, 7),
(86, 47, 1),
(87, 42, 6),
(87, 94, 5),
(87, 78, 4),
(88, 89, 9),
(89, 55, 10),
(90, 91, 1),
(90, 16, 10),
(91, 79, 4),
(92, 73, 4),
(92, 34, 5),
(93, 34, 3),
(93, 89, 10),
(93, 18, 3),
(94, 41, 1),
(94, 44, 7),
(95, 14, 6),
(95, 63, 5),
(95, 66, 2),
(96, 60, 2),
(96, 88, 2),
(96, 66, 3),
(97, 49, 1),
(97, 67, 9),
(99, 12, 3),
(99, 89, 3),
(99, 96, 4),
(100, 71, 7),
(100, 81, 6),
(100, 55, 7),
(101, 99, 9),
(101, 79, 5),
(104, 89, 7),
(104, 90, 5),
(105, 88, 5),
(105, 73, 4),
(105, 41, 9),
(106, 45, 8),
(106, 72, 10),
(106, 92, 8),
(108, 17, 6),
(108, 98, 9),
(110, 71, 9),
(111, 76, 6),
(111, 28, 9),
(111, 79, 9),
(113, 32, 6),
(113, 36, 5),
(114, 55, 5),
(115, 35, 1),
(115, 65, 9),
(115, 94, 8),
(116, 14, 8),
(118, 68, 6),
(118, 60, 6),
(118, 16, 7),
(119, 16, 4),
(119, 78, 1),
(119, 44, 4),
(120, 42, 6),
(120, 16, 8),
(121, 38, 5),
(122, 32, 3),
(122, 34, 2),
(122, 41, 8),
(123, 19, 8),
(123, 61, 10),
(124, 47, 1),
(124, 37, 5),
(124, 54, 9),
(125, 54, 2),
(125, 77, 3),
(128, 27, 7),
(128, 49, 9),
(129, 96, 8),
(129, 41, 10),
(129, 28, 4),
(130, 47, 7),
(131, 99, 4),
(132, 43, 8),
(132, 63, 7),
(132, 95, 3),
(133, 16, 5),
(136, 66, 3),
(136, 45, 3),
(136, 80, 4),
(137, 55, 3),
(137, 77, 7),
(139, 46, 10),
(141, 12, 9),
(141, 58, 9),
(141, 97, 4),
(142, 44, 10),
(143, 89, 2),
(143, 28, 8),
(145, 17, 5),
(145, 37, 7),
(147, 67, 9),
(148, 84, 6),
(149, 13, 7),
(150, 96, 8),
(150, 47, 7),
(150, 80, 4);



-- Co-op Role
INSERT INTO CoopRole (CompanyID, Title, City, Country, Pay, RequiredGPA)
VALUES
(1, 'Product Manager', 'Boston', 'US', 60000, 3.7),
(1, 'Business Analyst', 'Cambridge', 'US', 52000, 3.5),
(2, 'UX Designer', 'San Francisco', 'US', 72000, 3.8),
(3, 'DevOps Engineer', 'Austin', 'US', 65000, 3.6),
(4, 'Mobile Developer', 'Seattle', 'US', 70000, 3.5),
(5, 'Game Developer', 'New York', 'US', 75000, 3.8),
(6, 'Data Analyst', 'Chicago', 'US', 50000, 3.3),
(7, 'Content Strategist', 'Boston', 'US', 45000, 3.2),
(8, 'SEO Specialist', 'Cambridge', 'US', 42000, 3.4),
(9, 'Digital Marketing Specialist', 'Los Angeles', 'US', 48000, 3.5),
(10, 'Software Architect', 'Austin', 'US', 80000, 3.9),
(11, 'Blockchain Developer', 'San Francisco', 'US', 90000, 4.0),
(12, 'Cloud Engineer', 'Boston', 'US', 72000, 3.7),
(13, 'IT Consultant', 'Denver', 'US', 60000, 3.5),
(14, 'System Administrator', 'Phoenix', 'US', 55000, 3.4),
(15, 'Cybersecurity Analyst', 'Miami', 'US', 58000, 3.6),
(16, 'Network Engineer', 'Dallas', 'US', 60000, 3.5),
(17, 'Frontend Developer', 'New York', 'US', 70000, 3.6),
(18, 'Backend Developer', 'Seattle', 'US', 72000, 3.7),
(19, 'Machine Learning Engineer', 'San Jose', 'US', 85000, 3.9),
(20, 'AI Researcher', 'Palo Alto', 'US', 95000, 4.0),
(21, 'Robotics Engineer', 'Pittsburgh', 'US', 78000, 3.8),
(22, 'Electrical Engineer', 'Detroit', 'US', 65000, 3.5),
(23, 'Mechanical Engineer', 'Cleveland', 'US', 62000, 3.4),
(24, 'Civil Engineer', 'Houston', 'US', 58000, 3.3),
(25, 'Biomedical Engineer', 'Atlanta', 'US', 70000, 3.6),
(26, 'Chemical Engineer', 'Philadelphia', 'US', 67000, 3.5),
(27, 'Environmental Engineer', 'Portland', 'US', 60000, 3.4),
(28, 'Operations Manager', 'Las Vegas', 'US', 75000, 3.8),
(29, 'HR Specialist', 'Orlando', 'US', 50000, 3.3),
(30, 'Financial Consultant', 'Boston', 'US', 58000, 3.4),
(31, 'Investment Analyst', 'New York', 'US', 72000, 3.8),
(32, 'Logistics Manager', 'Charlotte', 'US', 55000, 3.3),
(33, 'Supply Chain Specialist', 'Nashville', 'US', 57000, 3.4),
(34, 'Data Scientist', 'San Diego', 'US', 88000, 3.9),
(35, 'Quantitative Analyst', 'New York', 'US', 90000, 4.0),
(36, 'CRM Specialist', 'Boston', 'US', 50000, 3.2),
(37, 'Technical Writer', 'Austin', 'US', 45000, 3.3),
(38, 'Graphic Designer', 'Los Angeles', 'US', 42000, 3.2),
(39, 'Video Editor', 'Hollywood', 'US', 48000, 3.4),
(40, 'Copywriter', 'New York', 'US', 47000, 3.3),
(41, 'Market Research Analyst', 'Boston', 'US', 51000, 3.5),
(42, 'Customer Success Manager', 'Austin', 'US', 52000, 3.4),
(43, 'Technical Support Engineer', 'Seattle', 'US', 47000, 3.3),
(44, 'Quality Engineer', 'San Jose', 'US', 65000, 3.6),
(45, 'Application Developer', 'Boston', 'US', 61000, 3.5),
(46, 'Game Tester', 'Los Angeles', 'US', 45000, 3.2),
(47, 'IT Auditor', 'New York', 'US', 67000, 3.5),
(48, 'Compliance Analyst', 'San Francisco', 'US', 58000, 3.4),
(49, 'Risk Manager', 'Miami', 'US', 62000, 3.5),
(50, 'Energy Consultant', 'Denver', 'US', 68000, 3.6),
(51, 'Research Assistant', 'Philadelphia', 'US', 48000, 3.4),
(52, 'Social Media Manager', 'San Diego', 'US', 47000, 3.3),
(53, 'Event Coordinator', 'Las Vegas', 'US', 42000, 3.2),
(54, 'Sales Engineer', 'Houston', 'US', 54000, 3.4),
(55, 'Field Technician', 'Atlanta', 'US', 50000, 3.3),
(56, 'Customer Support Representative', 'Phoenix', 'US', 40000, 3.1),
(57, 'IT Specialist', 'Dallas', 'US', 51000, 3.4),
(58, 'Security Specialist', 'Seattle', 'US', 56000, 3.5),
(59, 'Data Engineer', 'Boston', 'US', 70000, 3.7),
(60, 'Cloud Solutions Architect', 'San Francisco', 'US', 85000, 3.9),
(61, 'ERP Specialist', 'Chicago', 'US', 61000, 3.5),
(62, 'Database Administrator', 'Pittsburgh', 'US', 60000, 3.4),
(63, 'Infrastructure Engineer', 'Detroit', 'US', 65000, 3.6),
(64, 'Application Support Analyst', 'Charlotte', 'US', 52000, 3.3),
(65, 'Help Desk Technician', 'Orlando', 'US', 40000, 3.0),
(66, 'SAP Consultant', 'Denver', 'US', 72000, 3.7),
(67, 'Big Data Engineer', 'San Jose', 'US', 87000, 4.0),
(68, 'Software Tester', 'Boston', 'US', 45000, 3.3),
(69, 'Frontend Engineer', 'San Francisco', 'US', 72000, 3.6),
(70, 'Backend Engineer', 'Seattle', 'US', 73000, 3.7),
(71, 'IoT Developer', 'Austin', 'US', 78000, 3.8),
(72, 'Product Designer', 'New York', 'US', 70000, 3.6),
(73, 'eCommerce Manager', 'Chicago', 'US', 62000, 3.4),
(74, 'Operations Analyst', 'Phoenix', 'US', 54000, 3.4),
(75, 'Training Specialist', 'Miami', 'US', 48000, 3.3),
(76, 'Financial Planner', 'New York', 'US', 58000, 3.5),
(77, 'Credit Analyst', 'Los Angeles', 'US', 52000, 3.4),
(78, 'Portfolio Manager', 'Boston', 'US', 75000, 3.8),
(79, 'Wealth Manager', 'Austin', 'US', 80000, 3.9),
(80, 'Actuary', 'Chicago', 'US', 85000, 3.9),
(81, 'Account Manager', 'San Francisco', 'US', 62000, 3.4),
(82, 'Marketing Strategist', 'Seattle', 'US', 54000, 3.5),
(83, 'Campaign Manager', 'Los Angeles', 'US', 48000, 3.3),
(84, 'Business Development Manager', 'Denver', 'US', 67000, 3.6),
(85, 'Technical Recruiter', 'Austin', 'US', 51000, 3.3),
(86, 'HR Generalist', 'Boston', 'US', 49000, 3.2),
(87, 'Payroll Specialist', 'Miami', 'US', 45000, 3.1),
(88, 'Auditor', 'New York', 'US', 60000, 3.5),
(89, 'Tax Analyst', 'Chicago', 'US', 58000, 3.4),
(90, 'Quality Assurance Analyst', 'San Diego', 'US', 52000, 3.3),
(91, 'Automation Engineer', 'Seattle', 'US', 78000, 3.8),
(92, 'Penetration Tester', 'San Francisco', 'US', 80000, 3.9),
(93, 'Mobile App Developer', 'Boston', 'US', 65000, 3.5),
(94, 'Natural Language Processing Specialist', 'Palo Alto', 'US', 90000, 4.0),
(95, 'Renewable Energy Engineer', 'Denver', 'US', 75000, 3.8),
(96, 'Medical Device Engineer', 'Philadelphia', 'US', 72000, 3.7),
(97, 'Clinical Data Analyst', 'Houston', 'US', 68000, 3.6),
(98, 'Legal Assistant', 'Atlanta', 'US', 42000, 3.3),
(99, 'Paralegal', 'New York', 'US', 50000, 3.4),
(100, 'Technical Program Manager', 'San Jose', 'US', 88000, 3.9);


-- Required Skills
INSERT INTO RequiredSkills (PositionID, SkillID, Proficiency) VALUES
(1, 15, 7),
(1, 8, 6),
(2, 20, 8),
(2, 9, 5),
(3, 11, 4),
(3, 7, 9),
(4, 13, 7),
(4, 18, 8),
(5, 17, 6),
(5, 21, 7),
(6, 23, 9),
(6, 14, 8),
(7, 10, 5),
(7, 22, 4),
(8, 16, 7),
(8, 12, 6),
(9, 19, 5),
(9, 24, 9),
(10, 25, 7),
(10, 26, 8),
(11, 27, 6),
(11, 28, 7),
(12, 29, 8),
(12, 30, 9),
(13, 31, 4),
(13, 10, 7),
(14, 32, 6),
(14, 18, 5),
(15, 11, 7),
(15, 22, 8),
(16, 33, 6),
(16, 34, 9),
(17, 13, 7),
(17, 19, 8),
(18, 24, 5),
(18, 15, 4),
(19, 17, 8),
(19, 8, 7),
(20, 9, 6),
(20, 7, 5),
(21, 10, 9),
(21, 22, 7),
(22, 12, 8),
(22, 14, 6),
(23, 11, 7),
(23, 18, 4),
(24, 16, 6),
(24, 27, 5),
(25, 21, 9),
(25, 23, 7),
(26, 25, 8),
(26, 28, 5),
(27, 29, 7),
(27, 30, 6),
(28, 31, 9),
(28, 32, 4),
(29, 33, 8),
(29, 34, 7),
(30, 14, 6),
(30, 9, 5),
(31, 13, 7),
(31, 15, 8),
(32, 17, 9),
(32, 8, 5),
(33, 11, 6),
(33, 18, 4),
(34, 19, 9),
(34, 24, 8),
(35, 14, 7),
(35, 16, 6),
(36, 22, 5),
(36, 23, 9),
(37, 25, 7),
(37, 26, 8),
(38, 27, 6),
(38, 28, 9),
(39, 29, 5),
(39, 30, 7),
(40, 31, 8),
(40, 10, 9),
(41, 33, 7),
(41, 34, 5),
(42, 13, 6),
(42, 18, 4),
(43, 19, 9),
(43, 24, 7),
(44, 25, 8),
(44, 12, 6),
(45, 15, 7),
(45, 10, 9),
(46, 22, 8),
(46, 23, 5),
(47, 25, 6),
(47, 26, 7),
(48, 27, 9),
(48, 28, 5),
(49, 29, 8),
(49, 30, 7),
(50, 31, 6),
(50, 32, 4),
(51, 33, 9),
(51, 34, 8),
(52, 10, 7),
(52, 8, 6),
(53, 15, 5),
(53, 20, 4),
(54, 22, 9),
(54, 23, 8),
(55, 25, 7),
(55, 12, 6),
(56, 14, 5),
(56, 9, 7),
(57, 13, 8),
(57, 19, 6),
(58, 24, 4),
(58, 16, 7),
(59, 8, 5),
(59, 11, 6),
(60, 27, 9),
(60, 28, 8);

-- Experiences
INSERT INTO Experiences (StudentID, Title, Industry, StartTime, EndTime, Company) VALUES
(1, 'Research Assistant', 'Education', DATE_ADD(CURRENT_TIMESTAMP, INTERVAL -1 YEAR), CURRENT_TIMESTAMP, 'MIT'),
(2, 'Software Engineer Intern', 'Technology', DATE_ADD(CURRENT_TIMESTAMP, INTERVAL -8 MONTH), DATE_ADD(CURRENT_TIMESTAMP, INTERVAL -2 MONTH), 'Google'),
(3, 'Marketing Intern', 'Marketing', DATE_ADD(CURRENT_TIMESTAMP, INTERVAL -1 YEAR), DATE_ADD(CURRENT_TIMESTAMP, INTERVAL -6 MONTH), 'HubSpot'),
(4, 'Customer Service Rep', 'Retail', DATE_ADD(CURRENT_TIMESTAMP, INTERVAL -2 YEAR), DATE_ADD(CURRENT_TIMESTAMP, INTERVAL -1 YEAR), 'Amazon'),
(5, 'Lab Technician', 'Health Care', DATE_ADD(CURRENT_TIMESTAMP, INTERVAL -6 MONTH), CURRENT_TIMESTAMP, 'Mass General Hospital'),
(6, 'Tutor', 'Education', DATE_ADD(CURRENT_TIMESTAMP, INTERVAL -3 YEAR), DATE_ADD(CURRENT_TIMESTAMP, INTERVAL -2 YEAR), 'Kumon'),
(7, 'Sales Associate', 'Retail', DATE_ADD(CURRENT_TIMESTAMP, INTERVAL -2 YEAR), DATE_ADD(CURRENT_TIMESTAMP, INTERVAL -1 YEAR), 'Target'),
(8, 'Data Entry Specialist', 'Administration', DATE_ADD(CURRENT_TIMESTAMP, INTERVAL -1 YEAR), CURRENT_TIMESTAMP, 'Deloitte'),
(9, 'Intern', 'Finance', DATE_ADD(CURRENT_TIMESTAMP, INTERVAL -1 YEAR), DATE_ADD(CURRENT_TIMESTAMP, INTERVAL -6 MONTH), 'JP Morgan'),
(10, 'UX Designer', 'Technology', DATE_ADD(CURRENT_TIMESTAMP, INTERVAL -8 MONTH), CURRENT_TIMESTAMP, 'Apple'),
(11, 'Web Developer', 'Technology', DATE_ADD(CURRENT_TIMESTAMP, INTERVAL -1 YEAR), DATE_ADD(CURRENT_TIMESTAMP, INTERVAL -4 MONTH), 'Spotify'),
(12, 'Social Media Manager', 'Marketing', DATE_ADD(CURRENT_TIMESTAMP, INTERVAL -2 YEAR), DATE_ADD(CURRENT_TIMESTAMP, INTERVAL -1 YEAR), 'Twitter'),
(13, 'Barista', 'Food Service', DATE_ADD(CURRENT_TIMESTAMP, INTERVAL -2 YEAR), DATE_ADD(CURRENT_TIMESTAMP, INTERVAL -1 YEAR), 'Starbucks'),
(14, 'Junior Accountant', 'Finance', DATE_ADD(CURRENT_TIMESTAMP, INTERVAL -1 YEAR), DATE_ADD(CURRENT_TIMESTAMP, INTERVAL -3 MONTH), 'EY'),
(15, 'Project Coordinator', 'Management', DATE_ADD(CURRENT_TIMESTAMP, INTERVAL -1 YEAR), CURRENT_TIMESTAMP, 'Tesla'),
(16, 'Mechanical Engineering Intern', 'Engineering', DATE_ADD(CURRENT_TIMESTAMP, INTERVAL -1 YEAR), DATE_ADD(CURRENT_TIMESTAMP, INTERVAL -3 MONTH), 'Boeing'),
(17, 'Software Developer', 'Technology', DATE_ADD(CURRENT_TIMESTAMP, INTERVAL -2 YEAR), DATE_ADD(CURRENT_TIMESTAMP, INTERVAL -1 YEAR), 'Microsoft'),
(18, 'Teaching Assistant', 'Education', DATE_ADD(CURRENT_TIMESTAMP, INTERVAL -2 YEAR), DATE_ADD(CURRENT_TIMESTAMP, INTERVAL -6 MONTH), 'Northeastern University'),
(19, 'Quality Assurance Tester', 'Technology', DATE_ADD(CURRENT_TIMESTAMP, INTERVAL -1 YEAR), DATE_ADD(CURRENT_TIMESTAMP, INTERVAL -4 MONTH), 'Intel'),
(20, 'Financial Analyst', 'Finance', DATE_ADD(CURRENT_TIMESTAMP, INTERVAL -6 MONTH), CURRENT_TIMESTAMP, 'Goldman Sachs'),
(21, 'Event Coordinator', 'Marketing', DATE_ADD(CURRENT_TIMESTAMP, INTERVAL -1 YEAR), DATE_ADD(CURRENT_TIMESTAMP, INTERVAL -5 MONTH), 'Live Nation'),
(22, 'HR Assistant', 'Human Resources', DATE_ADD(CURRENT_TIMESTAMP, INTERVAL -2 YEAR), DATE_ADD(CURRENT_TIMESTAMP, INTERVAL -1 YEAR), 'HR Solutions'),
(23, 'Cybersecurity Analyst', 'Technology', DATE_ADD(CURRENT_TIMESTAMP, INTERVAL -1 YEAR), CURRENT_TIMESTAMP, 'Cisco'),
(24, 'Content Writer', 'Media', DATE_ADD(CURRENT_TIMESTAMP, INTERVAL -2 YEAR), DATE_ADD(CURRENT_TIMESTAMP, INTERVAL -1 YEAR), 'BuzzFeed'),
(25, 'Intern', 'Biotech', DATE_ADD(CURRENT_TIMESTAMP, INTERVAL -3 YEAR), DATE_ADD(CURRENT_TIMESTAMP, INTERVAL -2 YEAR), 'Moderna'),
(26, 'Graphic Designer', 'Design', DATE_ADD(CURRENT_TIMESTAMP, INTERVAL -2 YEAR), CURRENT_TIMESTAMP, 'Adobe'),
(27, 'Operations Specialist', 'Logistics', DATE_ADD(CURRENT_TIMESTAMP, INTERVAL -1 YEAR), DATE_ADD(CURRENT_TIMESTAMP, INTERVAL -5 MONTH), 'FedEx'),
(28, 'Research Fellow', 'Health Care', DATE_ADD(CURRENT_TIMESTAMP, INTERVAL -6 MONTH), CURRENT_TIMESTAMP, 'Harvard Medical School'),
(29, 'Assistant Manager', 'Retail', DATE_ADD(CURRENT_TIMESTAMP, INTERVAL -3 YEAR), DATE_ADD(CURRENT_TIMESTAMP, INTERVAL -1 YEAR), 'Walmart'),
(30, 'Freelancer', 'Technology', DATE_ADD(CURRENT_TIMESTAMP, INTERVAL -2 YEAR), CURRENT_TIMESTAMP, 'Freelance Platforms'),
-- Add 70 more rows in the same format here to reach 100
(31, 'Marketing Associate', 'Marketing', DATE_ADD(CURRENT_TIMESTAMP, INTERVAL -1 YEAR), CURRENT_TIMESTAMP, 'Nike'),
(32, 'Business Analyst Intern', 'Finance', DATE_ADD(CURRENT_TIMESTAMP, INTERVAL -1 YEAR), CURRENT_TIMESTAMP, 'KPMG'),
(33, 'Environmental Consultant', 'Consulting', DATE_ADD(CURRENT_TIMESTAMP, INTERVAL -2 YEAR), DATE_ADD(CURRENT_TIMESTAMP, INTERVAL -1 YEAR), 'Greenpeace'),
(34, 'Construction Worker', 'Construction', DATE_ADD(CURRENT_TIMESTAMP, INTERVAL -3 YEAR), DATE_ADD(CURRENT_TIMESTAMP, INTERVAL -1 YEAR), 'Turner Construction'),
(35, 'Healthcare Assistant', 'Health Care', DATE_ADD(CURRENT_TIMESTAMP, INTERVAL -2 YEAR), CURRENT_TIMESTAMP, 'Partners Healthcare');


-- Co-op List
INSERT INTO CoopList (StudentID, CompanyID, PositionID, appliedGPA, prevExpCount) VALUES
(1, 1, 1, 3.8, 1),
(2, 1, 2, 3.5, 2),
(3, 2, 3, 3.3, 1),
(4, 3, 4, 3.6, 2),
(5, 4, 5, 3.7, 3),
(6, 5, 6, 3.9, 1),
(7, 6, 7, 3.2, 2),
(8, 7, 8, 3.4, 1),
(9, 8, 9, 3.6, 3),
(10, 9, 10, 3.1, 2),
(11, 10, 11, 3.3, 1),
(12, 11, 12, 3.7, 3),
(13, 12, 13, 3.5, 2),
(14, 13, 14, 3.8, 1),
(15, 14, 15, 3.9, 3),
(16, 15, 16, 3.2, 2),
(17, 16, 17, 3.4, 1),
(18, 17, 18, 3.6, 2),
(19, 18, 19, 3.3, 3),
(20, 19, 20, 3.7, 1),
(21, 20, 21, 3.1, 2),
(22, 21, 22, 3.4, 1),
(23, 22, 23, 3.8, 3),
(24, 23, 24, 3.5, 2),
(25, 24, 25, 3.9, 1),
(26, 25, 26, 3.2, 2),
(27, 26, 27, 3.6, 3),
(28, 27, 28, 3.7, 1),
(29, 28, 29, 3.3, 2),
(30, 29, 30, 3.1, 1),
(31, 30, 31, 3.9, 3),
(32, 31, 32, 3.5, 2),
(33, 32, 33, 3.8, 1),
(34, 33, 34, 3.4, 3),
(35, 34, 35, 3.2, 2),
(36, 35, 36, 3.6, 1),
(37, 36, 37, 3.3, 2),
(38, 37, 38, 3.7, 3),
(39, 38, 39, 3.5, 1),
(40, 39, 40, 3.1, 2),
(41, 40, 41, 3.8, 3),
(42, 41, 42, 3.2, 1),
(43, 42, 43, 3.6, 2),
(44, 43, 44, 3.4, 3),
(45, 44, 45, 3.9, 1),
(46, 45, 46, 3.5, 2),
(47, 46, 47, 3.1, 1),
(48, 47, 48, 3.7, 3),
(49, 48, 49, 3.8, 2),
(50, 49, 50, 3.3, 1),
(51, 50, 51, 3.5, 2),
(52, 51, 52, 3.9, 3),
(53, 52, 53, 3.6, 1),
(54, 53, 54, 3.4, 2),
(55, 54, 55, 3.7, 3),
(56, 55, 56, 3.2, 1),
(57, 56, 57, 3.8, 2),
(58, 57, 58, 3.5, 3),
(59, 58, 59, 3.1, 1),
(60, 59, 60, 3.6, 2),
(61, 60, 61, 3.3, 3),
(62, 61, 62, 3.7, 1),
(63, 62, 63, 3.4, 2),
(64, 63, 64, 3.8, 3),
(65, 64, 65, 3.2, 1),
(66, 65, 66, 3.9, 2),
(67, 66, 67, 3.5, 3),
(68, 67, 68, 3.7, 1),
(69, 68, 69, 3.4, 2),
(70, 69, 70, 3.3, 3),
(71, 70, 71, 3.6, 1),
(72, 71, 72, 3.9, 2),
(73, 72, 73, 3.5, 3),
(74, 73, 74, 3.1, 1),
(75, 74, 75, 3.7, 2),
(76, 75, 76, 3.4, 3),
(77, 76, 77, 3.8, 1),
(78, 77, 78, 3.6, 2),
(79, 78, 79, 3.2, 3),
(80, 79, 80, 3.5, 1),
(81, 80, 81, 3.9, 2),
(82, 81, 82, 3.4, 3),
(83, 82, 83, 3.1, 1),
(84, 83, 84, 3.8, 2),
(85, 84, 85, 3.5, 3),
(86, 85, 86, 3.7, 1),
(87, 86, 87, 3.3, 2),
(88, 87, 88, 3.6, 3),
(89, 88, 89, 3.9, 1),
(90, 89, 90, 3.4, 2),
(91, 90, 91, 3.2, 3),
(92, 91, 92, 3.8, 1),
(93, 92, 93, 3.6, 2),
(94, 93, 94, 3.1, 3),
(95, 94, 95, 3.5, 1),
(96, 95, 96, 3.9, 2),
(97, 96, 97, 3.4, 3),
(98, 97, 98, 3.2, 1),
(99, 98, 99, 3.7, 2),
(100, 99, 100, 3.8, 3);


INSERT INTO Reviews (ReviewID, StudentID, Date, Culture, Satisfaction, Compensation, LearningOpportunity, WorkLifeBalance, Summary, PositionID) VALUES
(1, 1, '2024-01-01 09:00:00', 3, 4, 3, 5, 5, 'Great experience', 1),
(2, 2, '2024-01-02 10:15:30', 1, 5, 4, 3, 3, 'Learned a lot', 2),
(3, 3, '2024-01-03 11:30:45', 4, 3, 4, 4, 3, 'Challenging work', 3),
(4, 4, '2024-01-04 12:45:00', 2, 4, 5, 2, 4, 'Excellent role', 4),
(5, 5, '2024-01-05 14:00:15', 5, 2, 3, 4, 4, 'Good learning opportunity', 5),
(6, 6, '2024-01-06 09:30:00', 1, 5, 4, 3, 3, 'Valuable experience', 6),
(7, 7, '2024-01-07 10:45:20', 4, 3, 2, 5, 5, 'Met great people', 7),
(8, 8, '2024-01-08 11:00:35', 2, 4, 5, 4, 4, 'Innovative projects', 8),
(9, 9, '2024-01-09 13:15:50', 3, 3, 3, 3, 3, 'Balanced workload', 9),
(10, 10, '2024-01-10 14:30:05', 5, 5, 4, 4, 4, 'Supportive team', 10),
(11, 11, '2024-01-11 09:00:00', 3, 4, 3, 5, 5, 'Great experience', 11),
(12, 12, '2024-01-12 10:15:30', 1, 5, 4, 3, 3, 'Learned a lot', 12),
(13, 13, '2024-01-13 11:30:45', 4, 3, 4, 4, 3, 'Challenging work', 13),
(14, 14, '2024-01-14 12:45:00', 2, 4, 5, 2, 4, 'Excellent role', 14),
(15, 15, '2024-01-15 14:00:15', 5, 2, 3, 4, 4, 'Good learning opportunity', 15),
(16, 16, '2024-01-16 09:30:00', 1, 5, 4, 3, 3, 'Valuable experience', 16),
(17, 17, '2024-01-17 10:45:20', 4, 3, 2, 5, 5, 'Met great people', 17),
(18, 18, '2024-01-18 11:00:35', 2, 4, 5, 4, 4, 'Innovative projects', 18),
(19, 19, '2024-01-19 13:15:50', 3, 3, 3, 3, 3, 'Balanced workload', 19),
(20, 20, '2024-01-20 14:30:05', 5, 5, 4, 4, 4, 'Supportive team', 20),
(21, 21, '2024-01-21 09:00:00', 3, 4, 3, 5, 5, 'Great experience', 21),
(22, 22, '2024-01-22 10:15:30', 1, 5, 4, 3, 3, 'Learned a lot', 22),
(23, 23, '2024-01-23 11:30:45', 4, 3, 4, 4, 3, 'Challenging work', 23),
(24, 24, '2024-01-24 12:45:00', 2, 4, 5, 2, 4, 'Excellent role', 24),
(25, 25, '2024-01-25 14:00:15', 5, 2, 3, 4, 4, 'Good learning opportunity', 25),
(26, 26, '2024-01-26 09:30:00', 1, 5, 4, 3, 3, 'Valuable experience', 26),
(27, 27, '2024-01-27 10:45:20', 4, 3, 2, 5, 5, 'Met great people', 27),
(28, 28, '2024-01-28 11:00:35', 2, 4, 5, 4, 4, 'Innovative projects', 28),
(29, 29, '2024-01-29 13:15:50', 3, 3, 3, 3, 3, 'Balanced workload', 29),
(30, 30, '2024-01-30 14:30:05', 5, 5, 4, 4, 4, 'Supportive team', 30),
(31, 31, '2024-01-31 09:00:00', 3, 4, 3, 5, 5, 'Great experience', 31),
(32, 32, '2024-02-01 10:15:30', 1, 5, 4, 3, 3, 'Learned a lot', 32),
(33, 33, '2024-02-02 11:30:45', 4, 3, 4, 4, 3, 'Challenging work', 33),
(34, 34, '2024-02-03 12:45:00', 2, 4, 5, 2, 4, 'Excellent role', 34),
(35, 35, '2024-02-04 14:00:15', 5, 2, 3, 4, 4, 'Good learning opportunity', 35),
(36, 36, '2024-02-05 09:30:00', 1, 5, 4, 3, 3, 'Valuable experience', 36),
(37, 37, '2024-02-06 10:45:20', 4, 3, 2, 5, 5, 'Met great people', 37),
(38, 38, '2024-02-07 11:00:35', 2, 4, 5, 4, 4, 'Innovative projects', 38),
(39, 39, '2024-02-08 13:15:50', 3, 3, 3, 3, 3, 'Balanced workload', 39),
(40, 40, '2024-02-09 14:30:05', 5, 5, 4, 4, 4, 'Supportive team', 40),
(41, 41, '2024-02-10 09:00:00', 3, 4, 3, 5, 5, 'Great experience', 41),
(42, 42, '2024-02-11 10:15:30', 1, 5, 4, 3, 3, 'Learned a lot', 42),
(43, 43, '2024-02-12 11:30:45', 4, 3, 4, 4, 3, 'Challenging work', 43),
(44, 44, '2024-02-13 12:45:00', 2, 4, 5, 2, 4, 'Excellent role', 44),
(45, 45, '2024-02-14 14:00:15', 5, 2, 3, 4, 4, 'Good learning opportunity', 45),
(46, 46, '2024-02-15 09:30:00', 1, 5, 4, 3, 3, 'Valuable experience', 46),
(47, 47, '2024-02-16 10:45:20', 4, 3, 2, 5, 5, 'Met great people', 47),
(48, 48, '2024-02-17 11:00:35', 2, 4, 5, 4, 4, 'Innovative projects', 48),
(49, 49, '2024-02-18 13:15:50', 3, 3, 3, 3, 3, 'Balanced workload', 49),
(50, 50, '2024-02-19 14:30:05', 5, 5, 4, 4, 4, 'Supportive team', 50),
(51, 51, '2024-02-20 09:00:00', 3, 4, 3, 5, 5, 'Great experience', 51),
(52, 52, '2024-02-21 10:15:30', 1, 5, 4, 3, 3, 'Learned a lot', 52),
(53, 53, '2024-02-22 11:30:45', 4, 3, 4, 4, 3, 'Challenging work', 53),
(54, 54, '2024-02-23 12:45:00', 2, 4, 5, 2, 4, 'Excellent role', 54),
(55, 55, '2024-02-24 14:00:15', 5, 2, 3, 4, 4, 'Good learning opportunity', 55),
(56, 56, '2024-02-25 09:30:00', 1, 5, 4, 3, 3, 'Valuable experience', 56),
(57, 57, '2024-02-26 10:45:20', 4, 3, 2, 5, 5, 'Met great people', 57),
(58, 58, '2024-02-27 11:00:35', 2, 4, 5, 4, 4, 'Innovative projects', 58),
(59, 59, '2024-02-28 13:15:50', 3, 3, 3, 3, 3, 'Balanced workload', 59),
(60, 60, '2024-02-29 14:30:05', 5, 5, 4, 4, 4, 'Supportive team', 60),
(61, 61, '2024-03-01 09:00:00', 3, 4, 3, 5, 5, 'Great experience', 61),
(62, 62, '2024-03-02 10:15:30', 1, 5, 4, 3, 3, 'Learned a lot', 62),
(63, 63, '2024-03-03 11:30:45', 4, 3, 4, 4, 3, 'Challenging work', 63),
(64, 64, '2024-03-04 12:45:00', 2, 4, 5, 2, 4, 'Excellent role', 64),
(65, 65, '2024-03-05 14:00:15', 5, 2, 3, 4, 4, 'Good learning opportunity', 65),
(66, 66, '2024-03-06 09:30:00', 1, 5, 4, 3, 3, 'Valuable experience', 66),
(67, 67, '2024-03-07 10:45:20', 4, 3, 2, 5, 5, 'Met great people', 67),
(68, 68, '2024-03-08 11:00:35', 2, 4, 5, 4, 4, 'Innovative projects', 68),
(69, 69, '2024-03-09 13:15:50', 3, 3, 3, 3, 3, 'Balanced workload', 69),
(70, 70, '2024-03-10 14:30:05', 5, 5, 4, 4, 4, 'Supportive team', 70),
(71, 71, '2024-03-11 09:00:00', 3, 4, 3, 5, 5, 'Great experience', 71),
(72, 72, '2024-03-12 10:15:30', 1, 5, 4, 3, 3, 'Learned a lot', 72),
(73, 73, '2024-03-13 11:30:45', 4, 3, 4, 4, 3, 'Challenging work', 73),
(74, 74, '2024-03-14 12:45:00', 2, 4, 5, 2, 4, 'Excellent role', 74),
(75, 75, '2024-03-15 14:00:15', 5, 2, 3, 4, 4, 'Good learning opportunity', 75),
(76, 76, '2024-03-16 09:30:00', 1, 5, 4, 3, 3, 'Valuable experience', 76),
(77, 77, '2024-03-17 10:45:20', 4, 3, 2, 5, 5, 'Met great people', 77),
(78, 78, '2024-03-18 11:00:35', 2, 4, 5, 4, 4, 'Innovative projects', 78),
(79, 79, '2024-03-19 13:15:50', 3, 3, 3, 3, 3, 'Balanced workload', 79),
(80, 80, '2024-03-20 14:30:05', 5, 5, 4, 4, 4, 'Supportive team', 80),
(81, 81, '2024-03-21 09:00:00', 3, 4, 3, 5, 5, 'Great experience', 81),
(82, 82, '2024-03-22 10:15:30', 1, 5, 4, 3, 3, 'Learned a lot', 82),
(83, 83, '2024-03-23 11:30:45', 4, 3, 4, 4, 3, 'Challenging work', 83),
(84, 84, '2024-03-24 12:45:00', 2, 4, 5, 2, 4, 'Excellent role', 84),
(85, 85, '2024-03-25 14:00:15', 5, 2, 3, 4, 4, 'Good learning opportunity', 85),
(86, 86, '2024-03-26 09:30:00', 1, 5, 4, 3, 3, 'Valuable experience', 86),
(87, 87, '2024-03-27 10:45:20', 4, 3, 2, 5, 5, 'Met great people', 87),
(88, 88, '2024-03-28 11:00:35', 2, 4, 5, 4, 4, 'Innovative projects', 88),
(89, 89, '2024-03-29 13:15:50', 3, 3, 3, 3, 3, 'Balanced workload', 89),
(90, 90, '2024-03-30 14:30:05', 5, 5, 4, 4, 4, 'Supportive team', 90),
(91, 91, '2024-03-31 09:00:00', 3, 4, 3, 5, 5, 'Great experience', 91),
(92, 92, '2024-04-01 10:15:30', 1, 5, 4, 3, 3, 'Learned a lot', 92),
(93, 93, '2024-04-02 11:30:45', 4, 3, 4, 4, 3, 'Challenging work', 93),
(94, 94, '2024-04-03 12:45:00', 2, 4, 5, 2, 4, 'Excellent role', 94),
(95, 95, '2024-04-04 14:00:15', 5, 2, 3, 4, 4, 'Good learning opportunity', 95),
(96, 96, '2024-04-05 09:30:00', 1, 5, 4, 3, 3, 'Valuable experience', 96),
(97, 97, '2024-04-06 10:45:20', 4, 3, 2, 5, 5, 'Met great people', 97),
(98, 98, '2024-04-07 11:00:35', 2, 4, 5, 4, 4, 'Innovative projects', 98),
(99, 99, '2024-04-08 13:15:50', 3, 3, 3, 3, 3, 'Balanced workload', 99),
(100, 100, '2024-04-09 14:30:05', 5, 5, 4, 4, 4, 'Supportive team', 100),
(101, 1, '2024-04-10 09:00:00', 3, 4, 3, 5, 5, 'Great experience', 1),
(102, 2, '2024-04-11 10:15:30', 1, 5, 4, 3, 3, 'Learned a lot', 2),
(103, 3, '2024-04-12 11:30:45', 4, 3, 4, 4, 3, 'Challenging work', 3),
(104, 4, '2024-04-13 12:45:00', 2, 4, 5, 2, 4, 'Excellent role', 4),
(105, 5, '2024-04-14 14:00:15', 5, 2, 3, 4, 4, 'Good learning opportunity', 5),
(106, 106, '2024-04-15 09:30:00', 1, 5, 4, 3, 3, 'Valuable experience', 6),
(107, 107, '2024-04-16 10:45:20', 4, 3, 2, 5, 5, 'Met great people', 7),
(108, 108, '2024-04-17 11:00:35', 2, 4, 5, 4, 4, 'Innovative projects', 8),
(109, 109, '2024-04-18 13:15:50', 3, 3, 3, 3, 3, 'Balanced workload', 9),
(110, 110, '2024-04-19 14:30:05', 5, 5, 4, 4, 4, 'Supportive team', 10),
(111, 111, '2024-04-20 09:00:00', 3, 4, 3, 5, 5, 'Great experience', 11),
(112, 112, '2024-04-21 10:15:30', 1, 5, 4, 3, 3, 'Learned a lot', 12),
(113, 113, '2024-04-22 11:30:45', 4, 3, 4, 4, 3, 'Challenging work', 13),
(114, 114, '2024-04-23 12:45:00', 2, 4, 5, 2, 4, 'Excellent role', 14),
(115, 115, '2024-04-24 14:00:15', 5, 2, 3, 4, 4, 'Good learning opportunity', 15),
(116, 116, '2024-04-25 09:30:00', 1, 5, 4, 3, 3, 'Valuable experience', 16),
(117, 117, '2024-04-26 10:45:20', 4, 3, 2, 5, 5, 'Met great people', 17),
(118, 118, '2024-04-27 11:00:35', 2, 4, 5, 4, 4, 'Innovative projects', 18),
(119, 119, '2024-04-28 13:15:50', 3, 3, 3, 3, 3, 'Balanced workload', 19),
(120, 120, '2024-04-29 14:30:05', 5, 5, 4, 4, 4, 'Supportive team', 20),
(121, 121, '2024-04-30 09:00:00', 3, 4, 3, 5, 5, 'Great experience', 21),
(122, 122, '2024-05-01 10:15:30', 1, 5, 4, 3, 3, 'Learned a lot', 22),
(123, 123, '2024-05-02 11:30:45', 4, 3, 4, 4, 3, 'Challenging work', 23),
(124, 124, '2024-05-03 12:45:00', 2, 4, 5, 2, 4, 'Excellent role', 24),
(125, 125, '2024-05-04 14:00:15', 5, 2, 3, 4, 4, 'Good learning opportunity', 25),
(126, 126, '2024-05-05 09:30:00', 1, 5, 4, 3, 3, 'Valuable experience', 26),
(127, 127, '2024-05-06 10:45:20', 4, 3, 2, 5, 5, 'Met great people', 27),
(128, 128, '2024-05-07 11:00:35', 2, 4, 5, 4, 4, 'Innovative projects', 28),
(129, 129, '2024-05-08 13:15:50', 3, 3, 3, 3, 3, 'Balanced workload', 29),
(130, 130, '2024-05-09 14:30:05', 5, 5, 4, 4, 4, 'Supportive team', 30),
(131, 131, '2024-05-10 09:00:00', 3, 4, 3, 5, 5, 'Great experience', 31),
(132, 132, '2024-05-11 10:15:30', 1, 5, 4, 3, 3, 'Learned a lot', 32),
(133, 133, '2024-05-12 11:30:45', 4, 3, 4, 4, 3, 'Challenging work', 33),
(134, 134, '2024-05-13 12:45:00', 2, 4, 5, 2, 4, 'Excellent role', 34),
(135, 135, '2024-05-14 14:00:15', 5, 2, 3, 4, 4, 'Good learning opportunity', 35),
(136, 136, '2024-05-15 09:30:00', 1, 5, 4, 3, 3, 'Valuable experience', 36),
(137, 137, '2024-05-16 10:45:20', 4, 3, 2, 5, 5, 'Met great people', 37),
(138, 138, '2024-05-17 11:00:35', 2, 4, 5, 4, 4, 'Innovative projects', 38),
(139, 139, '2024-05-18 13:15:50', 3, 3, 3, 3, 3, 'Balanced workload', 39),
(140, 140, '2024-05-19 14:30:05', 5, 5, 4, 4, 4, 'Supportive team', 40),
(141, 141, '2024-05-20 09:00:00', 3, 4, 3, 5, 5, 'Great experience', 41),
(142, 142, '2024-05-21 10:15:30', 1, 5, 4, 3, 3, 'Learned a lot', 42),
(143, 143, '2024-05-22 11:30:45', 4, 3, 4, 4, 3, 'Challenging work', 43),
(144, 144, '2024-05-23 12:45:00', 2, 4, 5, 2, 4, 'Excellent role', 44),
(145, 145, '2024-05-24 14:00:15', 5, 2, 3, 4, 4, 'Good learning opportunity', 45),
(146, 146, '2024-05-25 09:30:00', 1, 5, 4, 3, 3, 'Valuable experience', 46),
(147, 147, '2024-05-26 10:45:20', 4, 3, 2, 5, 5, 'Met great people', 47),
(148, 148, '2024-05-27 11:00:35', 2, 4, 5, 4, 4, 'Innovative projects', 48),
(149, 149, '2024-05-28 13:15:50', 3, 3, 3, 3, 3, 'Balanced workload', 49),
(150, 150, '2024-05-29 14:30:05', 5, 5, 4, 4, 4, 'Supportive team', 50),
(151, 1, '2024-05-30 09:00:00', 3, 4, 3, 5, 5, 'Great experience', 51),
(152, 2, '2024-05-31 10:15:30', 1, 5, 4, 3, 3, 'Learned a lot', 52),
(153, 3, '2024-06-01 11:30:45', 4, 3, 4, 4, 3, 'Challenging work', 53),
(154, 4, '2024-06-02 12:45:00', 2, 4, 5, 2, 4, 'Excellent role', 54),
(155, 5, '2024-06-03 14:00:15', 5, 2, 3, 4, 4, 'Good learning opportunity', 55),
(156, 6, '2024-06-04 09:30:00', 1, 5, 4, 3, 3, 'Valuable experience', 56),
(157, 7, '2024-06-05 10:45:20', 4, 3, 2, 5, 5, 'Met great people', 57),
(158, 8, '2024-06-06 11:00:35', 2, 4, 5, 4, 4, 'Innovative projects', 58),
(159, 9, '2024-06-07 13:15:50', 3, 3, 3, 3, 3, 'Balanced workload', 59),
(160, 10, '2024-06-08 14:30:05', 5, 5, 4, 4, 4, 'Supportive team', 60),
(161, 11, '2024-06-09 09:00:00', 3, 4, 3, 5, 5, 'Great experience', 61),
(162, 12, '2024-06-10 10:15:30', 1, 5, 4, 3, 3, 'Learned a lot', 62),
(163, 13, '2024-06-11 11:30:45', 4, 3, 4, 4, 3, 'Challenging work', 63),
(164, 14, '2024-06-12 12:45:00', 2, 4, 5, 2, 4, 'Excellent role', 64),
(165, 15, '2024-06-13 14:00:15', 5, 2, 3, 4, 4, 'Good learning opportunity', 65),
(166, 16, '2024-06-14 09:30:00', 1, 5, 4, 3, 3, 'Valuable experience', 66),
(167, 17, '2024-06-15 10:45:20', 4, 3, 2, 5, 5, 'Met great people', 67),
(168, 18, '2024-06-16 11:00:35', 2, 4, 5, 4, 4, 'Innovative projects', 68),
(169, 19, '2024-06-17 13:15:50', 3, 3, 3, 3, 3, 'Balanced workload', 69),
(170, 20, '2024-06-18 14:30:05', 5, 5, 4, 4, 4, 'Supportive team', 70),
(171, 21, '2024-06-19 09:00:00', 3, 4, 3, 5, 5, 'Great experience', 71),
(172, 22, '2024-06-20 10:15:30', 1, 5, 4, 3, 3, 'Learned a lot', 72),
(173, 23, '2024-06-21 11:30:45', 4, 3, 4, 4, 3, 'Challenging work', 73),
(174, 24, '2024-06-22 12:45:00', 2, 4, 5, 2, 4, 'Excellent role', 74),
(175, 25, '2024-06-23 14:00:15', 5, 2, 3, 4, 4, 'Good learning opportunity', 75),
(176, 26, '2024-06-24 09:30:00', 1, 5, 4, 3, 3, 'Valuable experience', 76),
(177, 27, '2024-06-25 10:45:20', 4, 3, 2, 5, 5, 'Met great people', 77),
(178, 28, '2024-06-26 11:00:35', 2, 4, 5, 4, 4, 'Innovative projects', 78),
(179, 29, '2024-06-27 13:15:50', 3, 3, 3, 3, 3, 'Balanced workload', 79),
(180, 30, '2024-06-28 14:30:05', 5, 5, 4, 4, 4, 'Supportive team', 80),
(181, 31, '2024-06-29 09:00:00', 3, 4, 3, 5, 5, 'Great experience', 81),
(182, 32, '2024-06-30 10:15:30', 1, 5, 4, 3, 3, 'Learned a lot', 82),
(183, 33, '2024-07-01 11:30:45', 4, 3, 4, 4, 3, 'Challenging work', 83),
(184, 34, '2024-07-02 12:45:00', 2, 4, 5, 2, 4, 'Excellent role', 84),
(185, 35, '2024-07-03 14:00:15', 5, 2, 3, 4, 4, 'Good learning opportunity', 85),
(186, 36, '2024-07-04 09:30:00', 1, 5, 4, 3, 3, 'Valuable experience', 86),
(187, 37, '2024-07-05 10:45:20', 4, 3, 2, 5, 5, 'Met great people', 87),
(188, 38, '2024-07-06 11:00:35', 2, 4, 5, 4, 4, 'Innovative projects', 88),
(189, 39, '2024-07-07 13:15:50', 3, 3, 3, 3, 3, 'Balanced workload', 89),
(190, 40, '2024-07-08 14:30:05', 5, 5, 4, 4, 4, 'Supportive team', 90),
(191, 41, '2024-07-09 09:00:00', 3, 4, 3, 5, 5, 'Great experience', 91),
(192, 42, '2024-07-10 10:15:30', 1, 5, 4, 3, 3, 'Learned a lot', 92),
(193, 43, '2024-07-11 11:30:45', 4, 3, 4, 4, 3, 'Challenging work', 93),
(194, 44, '2024-07-12 12:45:00', 2, 4, 5, 2, 4, 'Excellent role', 94),
(195, 45, '2024-07-13 14:00:15', 5, 2, 3, 4, 4, 'Good learning opportunity', 95),
(196, 46, '2024-07-14 09:30:00', 1, 5, 4, 3, 3, 'Valuable experience', 96),
(197, 47, '2024-07-15 10:45:20', 4, 3, 2, 5, 5, 'Met great people', 97),
(198, 48, '2024-07-16 11:00:35', 2, 4, 5, 4, 4, 'Innovative projects', 98),
(199, 49, '2024-07-17 13:15:50', 3, 3, 3, 3, 3, 'Balanced workload', 99);





-- Activity Logs
INSERT INTO Activity_Logs (AdminID, ActionType, Details) VALUES
(1, 'Data Analysis', NULL),
(2, 'Review Checking', NULL),
(3, 'Review Checking', NULL);

-- -- SQL Insert Statements with Dummy Data
-- -- Advisors
-- INSERT INTO Advisors (AdvisorID, FirstName, LastName, College, Email) VALUES
-- (1, 'Jennifer', 'Melendez', 'Fields, Sanchez and Hamilton', 'erinwilson@melton.com'),
-- (2, 'Matthew', 'Miller', 'Charles Inc', 'steelejoseph@delacruz-newman.com'),
-- (3, 'Kathy', 'Morales', 'Greer, Greene and Underwood', 'pereznicole@bonilla.com'),
-- (4, 'Daniel', 'Gonzalez', 'Smith-Greene', 'llarson@hotmail.com'),
-- (5, 'Scott', 'Webb', 'Hernandez-Owens', 'olivia84@robinson.info');

-- -- Students
-- INSERT INTO Students (StudentID, FirstName, LastName, GPA, Major, CurrentYear, HomeCollege, AdvisorID, Email) VALUES
-- (1, 'Jennifer', 'Lee', 3.35, 'Sub', 8, 'Juarez Ltd', 1, 'courtneypatterson@lyons.com'),
-- (2, 'Katherine', 'Franklin', 2.63, 'Therapist, drama', 1, 'Roberts and Sons', 4, 'thomasbauer@bowman.com'),
-- (3, 'Jacob', 'Robles', 2.33, 'Accountant, chartered certified', 5, 'Wilson-Sims', 2, 'lisachapman@hampton-lawson.org'),
-- (4, 'Joseph', 'Wells', 3.09, 'Podiatrist', 2, 'Fernandez-Smith', 2, 'brentwhitehead@bridges.com'),
-- (5, 'Shannon', 'Campbell', 3.86, 'Travel agency manager', 1, 'Johnson PLC', 2, 'isabel09@hotmail.com'),
-- (6, 'Gina', 'Wagner', 3.86, 'Fitness centre manager', 7, 'Smith, Anderson and Carter', 4, 'reginaldmaynard@hotmail.com'),
-- (7, 'Karen', 'Willis', 2.03, 'Outdoor activities/education manager', 4, 'Soto-Palmer', 2, 'gblack@aguilar.com'),
-- (8, 'Sydney', 'Clark', 2.98, 'Soil scientist', 3, 'Walters, Farrell and Coleman', 3, 'phillipfisher@collins.info'),
-- (9, 'Amber', 'Li', 2.36, 'Ecologist', 4, 'Carter Ltd', 5, 'craigkennedy@wilson-larson.info'),
-- (10, 'Corey', 'Silva', 2.62, 'Dance movement psychotherapist', 4, 'Barry LLC', 2, 'kingjames@franklin-dyer.com'),
-- (11, 'Kristina', 'Dickerson', 3.22, 'Information systems manager', 1, 'Young, Bender and Hess', 2, 'angela62@yahoo.com'),
-- (12, 'Barry', 'Moore', 3.73, 'Control and instrumentation engineer', 2, 'Anderson, Guerra and Walker', 5, 'hgarner@parker.com'),
-- (13, 'Cynthia', 'Mcgee', 3.96, 'Accountant, chartered certified', 5, 'Thompson, Garcia and Price', 1, 'stephenjohnson@stephens.com'),
-- (14, 'Julie', 'Jackson', 2.7, 'Chief Executive Officer', 5, 'Jacobs, Dominguez and Fisher', 2, 'sarahthompson@fernandez.com'),
-- (15, 'Evan', 'Martin', 2.18, 'Curator', 2, 'Gonzalez and Sons', 3, 'dcortez@yahoo.com');

-- -- Skills
-- INSERT INTO Skill (SkillID, SkillName) VALUES
-- (1, 'Java'),
-- (2, 'Excel'),
-- (3, 'Word'),
-- (4, 'SQL'),
-- (5, 'KQL'),
-- (6, 'Azure'),
-- (7, 'Streamlit'),
-- (8, 'Docker'),
-- (9, 'Python'),
-- (10, 'JavaScript');

-- -- Company
-- INSERT INTO Company (CompanyID, Name, Industry, Headquarters, Size) VALUES
-- (1, 'Smith-Harris', 'Retail', 'Lake Leslie', 'L'),
-- (2, 'Moore Inc', 'Healthcare', 'Morrisfort', 'L'),
-- (3, 'Burns, Perry and Ramirez', 'Healthcare', 'Gregorymouth', 'S'),
-- (4, 'Gamble, Johnson and Lopez', 'Education', 'North Courtneyfurt', 'S'),
-- (5, 'Yu-Keith', 'Education', 'East Karenfurt', 'S'),
-- (6, 'Francis, Henson and Smith', 'Technology', 'East Mindyville', 'M'),
-- (7, 'Chavez-Drake', 'Finance', 'South Nicole', 'L'),
-- (8, 'Walker, Evans and Newman', 'Education', 'Markshire', 'L');

-- -- Admin
-- INSERT INTO Admin (AdminID, FirstName, LastName, Email, Role) VALUES
-- (1, 'Dana', 'Levine', 'kristenluna@hunter-alvarez.com', 'System Administrator'),
-- (2, 'Gregory', 'Smith', 'deanna76@dyer-martin.com', 'System Administrator'),
-- (3, 'Michael', 'Gutierrez', 'benjaminvasquez@yahoo.com', 'Operations Manager');

-- -- Student Skills
-- INSERT INTO StudentSkills (StudentID, SkillID, Proficiency) VALUES
-- (1, 1, 8),
-- (1, 2, 6),
-- (3, 8, 4),
-- (3, 9, 10),
-- (4, 3, 7);

-- -- Co-op Role
-- INSERT INTO CoopRole (CompanyID, Title, City, Country, Pay, RequiredGPA) VALUES
-- (1, 'Data Scientist', 'Boston', 'US', 45000, 3.7),
-- (1, 'Financial Analyst', 'Boston', 'US', 30000, 3.3),
-- (2, 'Engineer', 'Cambridge', 'US', 50000, 3.5),
-- (4, 'Social Media Manger', 'Burlington', 'US', 35000, 3.4);

-- -- Required Skills
-- INSERT INTO RequiredSkills (PositionID, SkillID, Proficiency) VALUES
-- (3, 8, 4),
-- (3, 6, 9),
-- (1, 1, 7),
-- (1, 4, 8),
-- (4, 2, 10);

-- -- Experiences
-- INSERT INTO Experiences (StudentID, Title, Industry, StartTime, EndTime, Company) VALUES
-- (1, 'Waiter', 'Food Service', DATE_ADD(CURRENT_TIMESTAMP, INTERVAL -2 year), CURRENT_TIMESTAMP, 'Pressed'),
-- (2, 'Data Analyst', 'Data Science', DATE_ADD(CURRENT_TIMESTAMP, INTERVAL -6 month), CURRENT_TIMESTAMP, 'TD Bank'),
-- (3, 'Lifeguard', 'Health Care', DATE_ADD(CURRENT_TIMESTAMP, INTERVAL -3 year), CURRENT_TIMESTAMP, 'YMCA');

-- -- Co-op List
-- INSERT INTO CoopList (StudentID, CompanyID, PositionID, appliedGPA, prevExpCount) VALUES
-- (1, 1, 1, 3.8, 1),
-- (2, 1, 2, 3.5, 2),
-- (3, 2, 3, 3.3, 1);

-- -- Reviews
-- INSERT INTO Reviews (StudentID, Date, Culture, Satisfaction, Compensation, LearningOpportunity, WorkLifeBalance, Summary, PositionID) VALUES
-- (1, CURRENT_TIMESTAMP, 3, 4, 4, 5, 3, "I Love It", 1),
-- (2, CURRENT_TIMESTAMP, 4, 3, 2, 1, 4, "Great!!!", 1),
-- (3, CURRENT_TIMESTAMP, 2, 3, 4, 2, 2, "Phenom", 2),
-- (4, CURRENT_TIMESTAMP, 5, 5, 5, 5, 5, "Exceptional Experience", 2),
-- (5, CURRENT_TIMESTAMP, 1, 2, 3, 1, 2, "Challenging but Rewarding", 3),
-- (6, CURRENT_TIMESTAMP, 4, 4, 4, 3, 4, "Good overall", 1),
-- (7, CURRENT_TIMESTAMP, 3, 2, 1, 2, 3, "Needs Improvement", 2),
-- (8, CURRENT_TIMESTAMP, 5, 5, 5, 5, 5, "Unparalleled Opportunities", 4),
-- (9, CURRENT_TIMESTAMP, 3, 4, 4, 3, 3, "Great culture and support", 1),
-- (10, CURRENT_TIMESTAMP, 4, 5, 5, 4, 5, "Amazing experience!", 2),
-- (11, CURRENT_TIMESTAMP, 2, 3, 2, 3, 2, "Could use improvement", 3),
-- (12, CURRENT_TIMESTAMP, 5, 5, 5, 5, 5, "Best job I’ve had", 4),
-- (13, CURRENT_TIMESTAMP, 3, 2, 1, 2, 3, "Some struggles but okay", 1),
-- (14, CURRENT_TIMESTAMP, 4, 3, 3, 4, 4, "Learning opportunities abound", 2),
-- (15, CURRENT_TIMESTAMP, 2, 4, 3, 3, 3, "Fair work-life balance", 3),
-- (16, CURRENT_TIMESTAMP, 5, 5, 4, 5, 5, "Supportive management", 4),
-- (17, CURRENT_TIMESTAMP, 3, 3, 2, 3, 3, "Decent overall", 1),
-- (18, CURRENT_TIMESTAMP, 4, 5, 5, 5, 5, "Highly recommend!", 2),
-- (19, CURRENT_TIMESTAMP, 2, 2, 2, 3, 2, "Challenging environment", 3),
-- (20, CURRENT_TIMESTAMP, 5, 4, 5, 5, 5, "Dynamic and engaging", 4),
-- (21, CURRENT_TIMESTAMP, 4, 4, 3, 4, 4, "Solid company", 1),
-- (22, CURRENT_TIMESTAMP, 3, 3, 4, 3, 3, "Work-life balance could improve", 2),
-- (23, CURRENT_TIMESTAMP, 5, 5, 5, 5, 5, "Absolutely fantastic", 3),
-- (24, CURRENT_TIMESTAMP, 4, 3, 3, 4, 4, "Room for growth", 4),
-- (25, CURRENT_TIMESTAMP, 2, 3, 2, 2, 2, "Not ideal for everyone", 1),
-- (26, CURRENT_TIMESTAMP, 5, 5, 4, 5, 5, "Excellent mentors", 2),
-- (27, CURRENT_TIMESTAMP, 4, 4, 3, 4, 4, "Good for career starters", 3),
-- (28, CURRENT_TIMESTAMP, 3, 2, 2, 3, 3, "Challenging but rewarding", 4),
-- (29, CURRENT_TIMESTAMP, 5, 5, 5, 5, 5, "Life-changing experience", 1),
-- (30, CURRENT_TIMESTAMP, 4, 3, 3, 4, 4, "Supportive team environment", 2);


-- -- Activity Logs
-- INSERT INTO Activity_Logs (AdminID, ActionType, Details) VALUES
-- (1, 'Data Analysis', NULL),
-- (2, 'Review Checking', NULL),
-- (3, 'Review Checking', NULL);

